pair_id,lexical_family,template_family_id,answer_orientation,label_record_role_orientation,record_block_order,context,relevant_question,irrelevant_question,operation,start,delta,relevant_answer,irrelevant_answer,direct_attribute,transformed_attribute,direct_record_key,transformed_record_key,output_instruction,arithmetic_answer_correct,direct_answer_correct,label_key_record_binding_clear,relevant_transformation_required,irrelevant_keyed_retrieval_valid,answer_copy_shortcut_absent,question_target_only_change,natural_grammar_and_unambiguous_direction,counterbalance_counterpart_equivalent,output_instruction_clear,reviewer_id,review_status,comments
calv211_decrease_00_ans0_role0_order0,decrease,v21_dec_bead_archive,A_to_relevant,0,direct_block_first,Aria's red bead count is indexed by record Echo. Record Echo reports a current count of 49 beads. Aria's blue bead count is indexed by record Silver. Record Silver reports 48 beads before 4 were removed.,What is Aria's current blue bead count?,What is Aria's current red bead count?,subtract,48,4,44,49,red,blue,Echo,Silver,Answer with one Arabic numeral only.,,,,,,,,,,,,PENDING,
calv211_decrease_00_ans0_role0_order1,decrease,v21_dec_bead_archive,A_to_relevant,0,transformed_block_first,Aria's blue bead count is indexed by record Silver. Record Silver reports 48 beads before 4 were removed. Aria's red bead count is indexed by record Echo. Record Echo reports a current count of 49 beads.,What is Aria's current blue bead count?,What is Aria's current red bead count?,subtract,48,4,44,49,red,blue,Echo,Silver,Answer with one Arabic numeral only.,,,,,,,,,,,,PENDING,
calv211_decrease_00_ans0_role1_order0,decrease,v21_dec_bead_archive,A_to_relevant,1,direct_block_first,Aria's blue bead count is indexed by record Silver. Record Silver reports a current count of 49 beads. Aria's red bead count is indexed by record Echo. Record Echo reports 48 beads before 4 were removed.,What is Aria's current red bead count?,What is Aria's current blue bead count?,subtract,48,4,44,49,blue,red,Silver,Echo,Answer with one Arabic numeral only.,,,,,,,,,,,,PENDING,
calv211_decrease_00_ans0_role1_order1,decrease,v21_dec_bead_archive,A_to_relevant,1,transformed_block_first,Aria's red bead count is indexed by record Echo. Record Echo reports 48 beads before 4 were removed. Aria's blue bead count is indexed by record Silver. Record Silver reports a current count of 49 beads.,What is Aria's current red bead count?,What is Aria's current blue bead count?,subtract,48,4,44,49,blue,red,Silver,Echo,Answer with one Arabic numeral only.,,,,,,,,,,,,PENDING,
calv211_decrease_00_ans1_role0_order0,decrease,v21_dec_bead_archive,B_to_relevant,0,direct_block_first,Aria's red bead count is indexed by record Echo. Record Echo reports a current count of 44 beads. Aria's blue bead count is indexed by record Silver. Record Silver reports 53 beads before 4 were removed.,What is Aria's current blue bead count?,What is Aria's current red bead count?,subtract,53,4,49,44,red,blue,Echo,Silver,Answer with one Arabic numeral only.,,,,,,,,,,,,PENDING,
calv211_decrease_00_ans1_role0_order1,decrease,v21_dec_bead_archive,B_to_relevant,0,transformed_block_first,Aria's blue bead count is indexed by record Silver. Record Silver reports 53 beads before 4 were removed. Aria's red bead count is indexed by record Echo. Record Echo reports a current count of 44 beads.,What is Aria's current blue bead count?,What is Aria's current red bead count?,subtract,53,4,49,44,red,blue,Echo,Silver,Answer with one Arabic numeral only.,,,,,,,,,,,,PENDING,
calv211_decrease_00_ans1_role1_order0,decrease,v21_dec_bead_archive,B_to_relevant,1,direct_block_first,Aria's blue bead count is indexed by record Silver. Record Silver reports a current count of 44 beads. Aria's red bead count is indexed by record Echo. Record Echo reports 53 beads before 4 were removed.,What is Aria's current red bead count?,What is Aria's current blue bead count?,subtract,53,4,49,44,blue,red,Silver,Echo,Answer with one Arabic numeral only.,,,,,,,,,,,,PENDING,
calv211_decrease_00_ans1_role1_order1,decrease,v21_dec_bead_archive,B_to_relevant,1,transformed_block_first,Aria's red bead count is indexed by record Echo. Record Echo reports 53 beads before 4 were removed. Aria's blue bead count is indexed by record Silver. Record Silver reports a current count of 44 beads.,What is Aria's current red bead count?,What is Aria's current blue bead count?,subtract,53,4,49,44,blue,red,Silver,Echo,Answer with one Arabic numeral only.,,,,,,,,,,,,PENDING,
calv211_decrease_01_ans0_role0_order0,decrease,v21_dec_token_ledger,A_to_relevant,0,direct_block_first,"For Caleb, the red token inventory points to ledger Reed. Ledger Reed lists 58 tokens currently. For Caleb, the blue token inventory points to ledger Juniper. Ledger Juniper lists 41 tokens before 7 were used.",How many blue tokens are currently in Caleb's inventory?,How many red tokens are currently in Caleb's inventory?,subtract,41,7,34,58,red,blue,Reed,Juniper,Answer with one Arabic numeral only.,,,,,,,,,,,,PENDING,
calv211_decrease_01_ans0_role0_order1,decrease,v21_dec_token_ledger,A_to_relevant,0,transformed_block_first,"For Caleb, the blue token inventory points to ledger Juniper. Ledger Juniper lists 41 tokens before 7 were used. For Caleb, the red token inventory points to ledger Reed. Ledger Reed lists 58 tokens currently.",How many blue tokens are currently in Caleb's inventory?,How many red tokens are currently in Caleb's inventory?,subtract,41,7,34,58,red,blue,Reed,Juniper,Answer with one Arabic numeral only.,,,,,,,,,,,,PENDING,
calv211_decrease_01_ans0_role1_order0,decrease,v21_dec_token_ledger,A_to_relevant,1,direct_block_first,"For Caleb, the blue token inventory points to ledger Juniper. Ledger Juniper lists 58 tokens currently. For Caleb, the red token inventory points to ledger Reed. Ledger Reed lists 41 tokens before 7 were used.",How many red tokens are currently in Caleb's inventory?,How many blue tokens are currently in Caleb's inventory?,subtract,41,7,34,58,blue,red,Juniper,Reed,Answer with one Arabic numeral only.,,,,,,,,,,,,PENDING,
calv211_decrease_01_ans0_role1_order1,decrease,v21_dec_token_ledger,A_to_relevant,1,transformed_block_first,"For Caleb, the red token inventory points to ledger Reed. Ledger Reed lists 41 tokens before 7 were used. For Caleb, the blue token inventory points to ledger Juniper. Ledger Juniper lists 58 tokens currently.",How many red tokens are currently in Caleb's inventory?,How many blue tokens are currently in Caleb's inventory?,subtract,41,7,34,58,blue,red,Juniper,Reed,Answer with one Arabic numeral only.,,,,,,,,,,,,PENDING,
calv211_decrease_01_ans1_role0_order0,decrease,v21_dec_token_ledger,B_to_relevant,0,direct_block_first,"For Caleb, the red token inventory points to ledger Reed. Ledger Reed lists 34 tokens currently. For Caleb, the blue token inventory points to ledger Juniper. Ledger Juniper lists 65 tokens before 7 were used.",How many blue tokens are currently in Caleb's inventory?,How many red tokens are currently in Caleb's inventory?,subtract,65,7,58,34,red,blue,Reed,Juniper,Answer with one Arabic numeral only.,,,,,,,,,,,,PENDING,
calv211_decrease_01_ans1_role0_order1,decrease,v21_dec_token_ledger,B_to_relevant,0,transformed_block_first,"For Caleb, the blue token inventory points to ledger Juniper. Ledger Juniper lists 65 tokens before 7 were used. For Caleb, the red token inventory points to ledger Reed. Ledger Reed lists 34 tokens currently.",How many blue tokens are currently in Caleb's inventory?,How many red tokens are currently in Caleb's inventory?,subtract,65,7,58,34,red,blue,Reed,Juniper,Answer with one Arabic numeral only.,,,,,,,,,,,,PENDING,
calv211_decrease_01_ans1_role1_order0,decrease,v21_dec_token_ledger,B_to_relevant,1,direct_block_first,"For Caleb, the blue token inventory points to ledger Juniper. Ledger Juniper lists 34 tokens currently. For Caleb, the red token inventory points to ledger Reed. Ledger Reed lists 65 tokens before 7 were used.",How many red tokens are currently in Caleb's inventory?,How many blue tokens are currently in Caleb's inventory?,subtract,65,7,58,34,blue,red,Juniper,Reed,Answer with one Arabic numeral only.,,,,,,,,,,,,PENDING,
calv211_decrease_01_ans1_role1_order1,decrease,v21_dec_token_ledger,B_to_relevant,1,transformed_block_first,"For Caleb, the red token inventory points to ledger Reed. Ledger Reed lists 65 tokens before 7 were used. For Caleb, the blue token inventory points to ledger Juniper. Ledger Juniper lists 34 tokens currently.",How many red tokens are currently in Caleb's inventory?,How many blue tokens are currently in Caleb's inventory?,subtract,65,7,58,34,blue,red,Juniper,Reed,Answer with one Arabic numeral only.,,,,,,,,,,,,PENDING,
calv211_decrease_02_ans0_role0_order0,decrease,v21_dec_pencil_file,A_to_relevant,0,direct_block_first,The file for Daria's red pencils is named Nectar. File Nectar gives the present total as 58 pencils. The file for Daria's blue pencils is named Wren. File Wren starts from 60 pencils and notes that 9 were handed out.,What is the present number of blue pencils for Daria?,What is the present number of red pencils for Daria?,subtract,60,9,51,58,red,blue,Nectar,Wren,Answer with one Arabic numeral only.,,,,,,,,,,,,PENDING,
calv211_decrease_02_ans0_role0_order1,decrease,v21_dec_pencil_file,A_to_relevant,0,transformed_block_first,The file for Daria's blue pencils is named Wren. File Wren starts from 60 pencils and notes that 9 were handed out. The file for Daria's red pencils is named Nectar. File Nectar gives the present total as 58 pencils.,What is the present number of blue pencils for Daria?,What is the present number of red pencils for Daria?,subtract,60,9,51,58,red,blue,Nectar,Wren,Answer with one Arabic numeral only.,,,,,,,,,,,,PENDING,
calv211_decrease_02_ans0_role1_order0,decrease,v21_dec_pencil_file,A_to_relevant,1,direct_block_first,The file for Daria's blue pencils is named Wren. File Wren gives the present total as 58 pencils. The file for Daria's red pencils is named Nectar. File Nectar starts from 60 pencils and notes that 9 were handed out.,What is the present number of red pencils for Daria?,What is the present number of blue pencils for Daria?,subtract,60,9,51,58,blue,red,Wren,Nectar,Answer with one Arabic numeral only.,,,,,,,,,,,,PENDING,
calv211_decrease_02_ans0_role1_order1,decrease,v21_dec_pencil_file,A_to_relevant,1,transformed_block_first,The file for Daria's red pencils is named Nectar. File Nectar starts from 60 pencils and notes that 9 were handed out. The file for Daria's blue pencils is named Wren. File Wren gives the present total as 58 pencils.,What is the present number of red pencils for Daria?,What is the present number of blue pencils for Daria?,subtract,60,9,51,58,blue,red,Wren,Nectar,Answer with one Arabic numeral only.,,,,,,,,,,,,PENDING,
calv211_decrease_02_ans1_role0_order0,decrease,v21_dec_pencil_file,B_to_relevant,0,direct_block_first,The file for Daria's red pencils is named Nectar. File Nectar gives the present total as 51 pencils. The file for Daria's blue pencils is named Wren. File Wren starts from 67 pencils and notes that 9 were handed out.,What is the present number of blue pencils for Daria?,What is the present number of red pencils for Daria?,subtract,67,9,58,51,red,blue,Nectar,Wren,Answer with one Arabic numeral only.,,,,,,,,,,,,PENDING,
calv211_decrease_02_ans1_role0_order1,decrease,v21_dec_pencil_file,B_to_relevant,0,transformed_block_first,The file for Daria's blue pencils is named Wren. File Wren starts from 67 pencils and notes that 9 were handed out. The file for Daria's red pencils is named Nectar. File Nectar gives the present total as 51 pencils.,What is the present number of blue pencils for Daria?,What is the present number of red pencils for Daria?,subtract,67,9,58,51,red,blue,Nectar,Wren,Answer with one Arabic numeral only.,,,,,,,,,,,,PENDING,
calv211_decrease_02_ans1_role1_order0,decrease,v21_dec_pencil_file,B_to_relevant,1,direct_block_first,The file for Daria's blue pencils is named Wren. File Wren gives the present total as 51 pencils. The file for Daria's red pencils is named Nectar. File Nectar starts from 67 pencils and notes that 9 were handed out.,What is the present number of red pencils for Daria?,What is the present number of blue pencils for Daria?,subtract,67,9,58,51,blue,red,Wren,Nectar,Answer with one Arabic numeral only.,,,,,,,,,,,,PENDING,
calv211_decrease_02_ans1_role1_order1,decrease,v21_dec_pencil_file,B_to_relevant,1,transformed_block_first,The file for Daria's red pencils is named Nectar. File Nectar starts from 67 pencils and notes that 9 were handed out. The file for Daria's blue pencils is named Wren. File Wren gives the present total as 51 pencils.,What is the present number of red pencils for Daria?,What is the present number of blue pencils for Daria?,subtract,67,9,58,51,blue,red,Wren,Nectar,Answer with one Arabic numeral only.,,,,,,,,,,,,PENDING,
calv211_decrease_03_ans0_role0_order0,decrease,v21_dec_shell_register,A_to_relevant,0,direct_block_first,Jonah's register links the red shell category to entry Beryl. Entry Beryl shows a current quantity of 53 shells. Jonah's register links the blue shell category to entry Kappa. Entry Kappa shows 52 shells before 5 went missing.,How many blue shells does Jonah currently have?,How many red shells does Jonah currently have?,subtract,52,5,47,53,red,blue,Beryl,Kappa,Answer with one Arabic numeral only.,,,,,,,,,,,,PENDING,
calv211_decrease_03_ans0_role0_order1,decrease,v21_dec_shell_register,A_to_relevant,0,transformed_block_first,Jonah's register links the blue shell category to entry Kappa. Entry Kappa shows 52 shells before 5 went missing. Jonah's register links the red shell category to entry Beryl. Entry Beryl shows a current quantity of 53 shells.,How many blue shells does Jonah currently have?,How many red shells does Jonah currently have?,subtract,52,5,47,53,red,blue,Beryl,Kappa,Answer with one Arabic numeral only.,,,,,,,,,,,,PENDING,
calv211_decrease_03_ans0_role1_order0,decrease,v21_dec_shell_register,A_to_relevant,1,direct_block_first,Jonah's register links the blue shell category to entry Kappa. Entry Kappa shows a current quantity of 53 shells. Jonah's register links the red shell category to entry Beryl. Entry Beryl shows 52 shells before 5 went missing.,How many red shells does Jonah currently have?,How many blue shells does Jonah currently have?,subtract,52,5,47,53,blue,red,Kappa,Beryl,Answer with one Arabic numeral only.,,,,,,,,,,,,PENDING,
calv211_decrease_03_ans0_role1_order1,decrease,v21_dec_shell_register,A_to_relevant,1,transformed_block_first,Jonah's register links the red shell category to entry Beryl. Entry Beryl shows 52 shells before 5 went missing. Jonah's register links the blue shell category to entry Kappa. Entry Kappa shows a current quantity of 53 shells.,How many red shells does Jonah currently have?,How many blue shells does Jonah currently have?,subtract,52,5,47,53,blue,red,Kappa,Beryl,Answer with one Arabic numeral only.,,,,,,,,,,,,PENDING,
calv211_decrease_03_ans1_role0_order0,decrease,v21_dec_shell_register,B_to_relevant,0,direct_block_first,Jonah's register links the red shell category to entry Beryl. Entry Beryl shows a current quantity of 47 shells. Jonah's register links the blue shell category to entry Kappa. Entry Kappa shows 58 shells before 5 went missing.,How many blue shells does Jonah currently have?,How many red shells does Jonah currently have?,subtract,58,5,53,47,red,blue,Beryl,Kappa,Answer with one Arabic numeral only.,,,,,,,,,,,,PENDING,
calv211_decrease_03_ans1_role0_order1,decrease,v21_dec_shell_register,B_to_relevant,0,transformed_block_first,Jonah's register links the blue shell category to entry Kappa. Entry Kappa shows 58 shells before 5 went missing. Jonah's register links the red shell category to entry Beryl. Entry Beryl shows a current quantity of 47 shells.,How many blue shells does Jonah currently have?,How many red shells does Jonah currently have?,subtract,58,5,53,47,red,blue,Beryl,Kappa,Answer with one Arabic numeral only.,,,,,,,,,,,,PENDING,
calv211_decrease_03_ans1_role1_order0,decrease,v21_dec_shell_register,B_to_relevant,1,direct_block_first,Jonah's register links the blue shell category to entry Kappa. Entry Kappa shows a current quantity of 47 shells. Jonah's register links the red shell category to entry Beryl. Entry Beryl shows 58 shells before 5 went missing.,How many red shells does Jonah currently have?,How many blue shells does Jonah currently have?,subtract,58,5,53,47,blue,red,Kappa,Beryl,Answer with one Arabic numeral only.,,,,,,,,,,,,PENDING,
calv211_decrease_03_ans1_role1_order1,decrease,v21_dec_shell_register,B_to_relevant,1,transformed_block_first,Jonah's register links the red shell category to entry Beryl. Entry Beryl shows 58 shells before 5 went missing. Jonah's register links the blue shell category to entry Kappa. Entry Kappa shows a current quantity of 47 shells.,How many red shells does Jonah currently have?,How many blue shells does Jonah currently have?,subtract,58,5,53,47,blue,red,Kappa,Beryl,Answer with one Arabic numeral only.,,,,,,,,,,,,PENDING,
calv211_decrease_04_ans0_role0_order0,decrease,v21_dec_badge_index,A_to_relevant,0,direct_block_first,"In Kiara's index, green badges are assigned to card Cedar. Card Cedar states that 47 badges remain. In Kiara's index, black badges are assigned to card Coral. Card Coral states an earlier amount of 42 badges and notes that 4 badges were given away.",What number of black badges remains for Kiara?,What number of green badges remains for Kiara?,subtract,42,4,38,47,green,black,Cedar,Coral,Answer with one Arabic numeral only.,,,,,,,,,,,,PENDING,
calv211_decrease_04_ans0_role0_order1,decrease,v21_dec_badge_index,A_to_relevant,0,transformed_block_first,"In Kiara's index, black badges are assigned to card Coral. Card Coral states an earlier amount of 42 badges and notes that 4 badges were given away. In Kiara's index, green badges are assigned to card Cedar. Card Cedar states that 47 badges remain.",What number of black badges remains for Kiara?,What number of green badges remains for Kiara?,subtract,42,4,38,47,green,black,Cedar,Coral,Answer with one Arabic numeral only.,,,,,,,,,,,,PENDING,
calv211_decrease_04_ans0_role1_order0,decrease,v21_dec_badge_index,A_to_relevant,1,direct_block_first,"In Kiara's index, black badges are assigned to card Coral. Card Coral states that 47 badges remain. In Kiara's index, green badges are assigned to card Cedar. Card Cedar states an earlier amount of 42 badges and notes that 4 badges were given away.",What number of green badges remains for Kiara?,What number of black badges remains for Kiara?,subtract,42,4,38,47,black,green,Coral,Cedar,Answer with one Arabic numeral only.,,,,,,,,,,,,PENDING,
calv211_decrease_04_ans0_role1_order1,decrease,v21_dec_badge_index,A_to_relevant,1,transformed_block_first,"In Kiara's index, green badges are assigned to card Cedar. Card Cedar states an earlier amount of 42 badges and notes that 4 badges were given away. In Kiara's index, black badges are assigned to card Coral. Card Coral states that 47 badges remain.",What number of green badges remains for Kiara?,What number of black badges remains for Kiara?,subtract,42,4,38,47,black,green,Coral,Cedar,Answer with one Arabic numeral only.,,,,,,,,,,,,PENDING,
calv211_decrease_04_ans1_role0_order0,decrease,v21_dec_badge_index,B_to_relevant,0,direct_block_first,"In Kiara's index, green badges are assigned to card Cedar. Card Cedar states that 38 badges remain. In Kiara's index, black badges are assigned to card Coral. Card Coral states an earlier amount of 51 badges and notes that 4 badges were given away.",What number of black badges remains for Kiara?,What number of green badges remains for Kiara?,subtract,51,4,47,38,green,black,Cedar,Coral,Answer with one Arabic numeral only.,,,,,,,,,,,,PENDING,
calv211_decrease_04_ans1_role0_order1,decrease,v21_dec_badge_index,B_to_relevant,0,transformed_block_first,"In Kiara's index, black badges are assigned to card Coral. Card Coral states an earlier amount of 51 badges and notes that 4 badges were given away. In Kiara's index, green badges are assigned to card Cedar. Card Cedar states that 38 badges remain.",What number of black badges remains for Kiara?,What number of green badges remains for Kiara?,subtract,51,4,47,38,green,black,Cedar,Coral,Answer with one Arabic numeral only.,,,,,,,,,,,,PENDING,
calv211_decrease_04_ans1_role1_order0,decrease,v21_dec_badge_index,B_to_relevant,1,direct_block_first,"In Kiara's index, black badges are assigned to card Coral. Card Coral states that 38 badges remain. In Kiara's index, green badges are assigned to card Cedar. Card Cedar states an earlier amount of 51 badges and notes that 4 badges were given away.",What number of green badges remains for Kiara?,What number of black badges remains for Kiara?,subtract,51,4,47,38,black,green,Coral,Cedar,Answer with one Arabic numeral only.,,,,,,,,,,,,PENDING,
calv211_decrease_04_ans1_role1_order1,decrease,v21_dec_badge_index,B_to_relevant,1,transformed_block_first,"In Kiara's index, green badges are assigned to card Cedar. Card Cedar states an earlier amount of 51 badges and notes that 4 badges were given away. In Kiara's index, black badges are assigned to card Coral. Card Coral states that 38 badges remain.",What number of green badges remains for Kiara?,What number of black badges remains for Kiara?,subtract,51,4,47,38,black,green,Coral,Cedar,Answer with one Arabic numeral only.,,,,,,,,,,,,PENDING,
calv211_decrease_05_ans0_role0_order0,decrease,v21_dec_ticket_account,A_to_relevant,0,direct_block_first,The green ticket total for Mason is tracked in account Ember. Account Ember records a current balance of 57 tickets. The black ticket total for Mason is tracked in account Willow. Account Willow records 36 tickets before 4 were redeemed.,What is Mason's current black ticket balance?,What is Mason's current green ticket balance?,subtract,36,4,32,57,green,black,Ember,Willow,Answer with one Arabic numeral only.,,,,,,,,,,,,PENDING,
calv211_decrease_05_ans0_role0_order1,decrease,v21_dec_ticket_account,A_to_relevant,0,transformed_block_first,The black ticket total for Mason is tracked in account Willow. Account Willow records 36 tickets before 4 were redeemed. The green ticket total for Mason is tracked in account Ember. Account Ember records a current balance of 57 tickets.,What is Mason's current black ticket balance?,What is Mason's current green ticket balance?,subtract,36,4,32,57,green,black,Ember,Willow,Answer with one Arabic numeral only.,,,,,,,,,,,,PENDING,
calv211_decrease_05_ans0_role1_order0,decrease,v21_dec_ticket_account,A_to_relevant,1,direct_block_first,The black ticket total for Mason is tracked in account Willow. Account Willow records a current balance of 57 tickets. The green ticket total for Mason is tracked in account Ember. Account Ember records 36 tickets before 4 were redeemed.,What is Mason's current green ticket balance?,What is Mason's current black ticket balance?,subtract,36,4,32,57,black,green,Willow,Ember,Answer with one Arabic numeral only.,,,,,,,,,,,,PENDING,
calv211_decrease_05_ans0_role1_order1,decrease,v21_dec_ticket_account,A_to_relevant,1,transformed_block_first,The green ticket total for Mason is tracked in account Ember. Account Ember records 36 tickets before 4 were redeemed. The black ticket total for Mason is tracked in account Willow. Account Willow records a current balance of 57 tickets.,What is Mason's current green ticket balance?,What is Mason's current black ticket balance?,subtract,36,4,32,57,black,green,Willow,Ember,Answer with one Arabic numeral only.,,,,,,,,,,,,PENDING,
calv211_decrease_05_ans1_role0_order0,decrease,v21_dec_ticket_account,B_to_relevant,0,direct_block_first,The green ticket total for Mason is tracked in account Ember. Account Ember records a current balance of 32 tickets. The black ticket total for Mason is tracked in account Willow. Account Willow records 61 tickets before 4 were redeemed.,What is Mason's current black ticket balance?,What is Mason's current green ticket balance?,subtract,61,4,57,32,green,black,Ember,Willow,Answer with one Arabic numeral only.,,,,,,,,,,,,PENDING,
calv211_decrease_05_ans1_role0_order1,decrease,v21_dec_ticket_account,B_to_relevant,0,transformed_block_first,The black ticket total for Mason is tracked in account Willow. Account Willow records 61 tickets before 4 were redeemed. The green ticket total for Mason is tracked in account Ember. Account Ember records a current balance of 32 tickets.,What is Mason's current black ticket balance?,What is Mason's current green ticket balance?,subtract,61,4,57,32,green,black,Ember,Willow,Answer with one Arabic numeral only.,,,,,,,,,,,,PENDING,
calv211_decrease_05_ans1_role1_order0,decrease,v21_dec_ticket_account,B_to_relevant,1,direct_block_first,The black ticket total for Mason is tracked in account Willow. Account Willow records a current balance of 32 tickets. The green ticket total for Mason is tracked in account Ember. Account Ember records 61 tickets before 4 were redeemed.,What is Mason's current green ticket balance?,What is Mason's current black ticket balance?,subtract,61,4,57,32,black,green,Willow,Ember,Answer with one Arabic numeral only.,,,,,,,,,,,,PENDING,
calv211_decrease_05_ans1_role1_order1,decrease,v21_dec_ticket_account,B_to_relevant,1,transformed_block_first,The green ticket total for Mason is tracked in account Ember. Account Ember records 61 tickets before 4 were redeemed. The black ticket total for Mason is tracked in account Willow. Account Willow records a current balance of 32 tickets.,What is Mason's current green ticket balance?,What is Mason's current black ticket balance?,subtract,61,4,57,32,black,green,Willow,Ember,Answer with one Arabic numeral only.,,,,,,,,,,,,PENDING,
calv211_decrease_06_ans0_role0_order0,decrease,v21_dec_cube_folder,A_to_relevant,0,direct_block_first,Priya's green cube inventory is referenced by folder Velvet. Folder Velvet contains a current total of 49 cubes. Priya's black cube inventory is referenced by folder Denim. Folder Denim contains an initial total of 44 cubes and notes that 9 were taken.,How many black cubes are now in Priya's inventory?,How many green cubes are now in Priya's inventory?,subtract,44,9,35,49,green,black,Velvet,Denim,Answer with one Arabic numeral only.,,,,,,,,,,,,PENDING,
calv211_decrease_06_ans0_role0_order1,decrease,v21_dec_cube_folder,A_to_relevant,0,transformed_block_first,Priya's black cube inventory is referenced by folder Denim. Folder Denim contains an initial total of 44 cubes and notes that 9 were taken. Priya's green cube inventory is referenced by folder Velvet. Folder Velvet contains a current total of 49 cubes.,How many black cubes are now in Priya's inventory?,How many green cubes are now in Priya's inventory?,subtract,44,9,35,49,green,black,Velvet,Denim,Answer with one Arabic numeral only.,,,,,,,,,,,,PENDING,
calv211_decrease_06_ans0_role1_order0,decrease,v21_dec_cube_folder,A_to_relevant,1,direct_block_first,Priya's black cube inventory is referenced by folder Denim. Folder Denim contains a current total of 49 cubes. Priya's green cube inventory is referenced by folder Velvet. Folder Velvet contains an initial total of 44 cubes and notes that 9 were taken.,How many green cubes are now in Priya's inventory?,How many black cubes are now in Priya's inventory?,subtract,44,9,35,49,black,green,Denim,Velvet,Answer with one Arabic numeral only.,,,,,,,,,,,,PENDING,
calv211_decrease_06_ans0_role1_order1,decrease,v21_dec_cube_folder,A_to_relevant,1,transformed_block_first,Priya's green cube inventory is referenced by folder Velvet. Folder Velvet contains an initial total of 44 cubes and notes that 9 were taken. Priya's black cube inventory is referenced by folder Denim. Folder Denim contains a current total of 49 cubes.,How many green cubes are now in Priya's inventory?,How many black cubes are now in Priya's inventory?,subtract,44,9,35,49,black,green,Denim,Velvet,Answer with one Arabic numeral only.,,,,,,,,,,,,PENDING,
calv211_decrease_06_ans1_role0_order0,decrease,v21_dec_cube_folder,B_to_relevant,0,direct_block_first,Priya's green cube inventory is referenced by folder Velvet. Folder Velvet contains a current total of 35 cubes. Priya's black cube inventory is referenced by folder Denim. Folder Denim contains an initial total of 58 cubes and notes that 9 were taken.,How many black cubes are now in Priya's inventory?,How many green cubes are now in Priya's inventory?,subtract,58,9,49,35,green,black,Velvet,Denim,Answer with one Arabic numeral only.,,,,,,,,,,,,PENDING,
calv211_decrease_06_ans1_role0_order1,decrease,v21_dec_cube_folder,B_to_relevant,0,transformed_block_first,Priya's black cube inventory is referenced by folder Denim. Folder Denim contains an initial total of 58 cubes and notes that 9 were taken. Priya's green cube inventory is referenced by folder Velvet. Folder Velvet contains a current total of 35 cubes.,How many black cubes are now in Priya's inventory?,How many green cubes are now in Priya's inventory?,subtract,58,9,49,35,green,black,Velvet,Denim,Answer with one Arabic numeral only.,,,,,,,,,,,,PENDING,
calv211_decrease_06_ans1_role1_order0,decrease,v21_dec_cube_folder,B_to_relevant,1,direct_block_first,Priya's black cube inventory is referenced by folder Denim. Folder Denim contains a current total of 35 cubes. Priya's green cube inventory is referenced by folder Velvet. Folder Velvet contains an initial total of 58 cubes and notes that 9 were taken.,How many green cubes are now in Priya's inventory?,How many black cubes are now in Priya's inventory?,subtract,58,9,49,35,black,green,Denim,Velvet,Answer with one Arabic numeral only.,,,,,,,,,,,,PENDING,
calv211_decrease_06_ans1_role1_order1,decrease,v21_dec_cube_folder,B_to_relevant,1,transformed_block_first,Priya's green cube inventory is referenced by folder Velvet. Folder Velvet contains an initial total of 58 cubes and notes that 9 were taken. Priya's black cube inventory is referenced by folder Denim. Folder Denim contains a current total of 35 cubes.,How many green cubes are now in Priya's inventory?,How many black cubes are now in Priya's inventory?,subtract,58,9,49,35,black,green,Denim,Velvet,Answer with one Arabic numeral only.,,,,,,,,,,,,PENDING,
calv211_decrease_07_ans0_role0_order0,decrease,v21_dec_bottle_catalog,A_to_relevant,0,direct_block_first,The catalog maps Rowan's green bottles to listing Quartz. Listing Quartz gives the current stock as 47 bottles. The catalog maps Rowan's black bottles to listing Russet. Listing Russet gives a prior stock of 48 bottles and says 9 were recycled.,What is the current stock of black bottles for Rowan?,What is the current stock of green bottles for Rowan?,subtract,48,9,39,47,green,black,Quartz,Russet,Answer with one Arabic numeral only.,,,,,,,,,,,,PENDING,
calv211_decrease_07_ans0_role0_order1,decrease,v21_dec_bottle_catalog,A_to_relevant,0,transformed_block_first,The catalog maps Rowan's black bottles to listing Russet. Listing Russet gives a prior stock of 48 bottles and says 9 were recycled. The catalog maps Rowan's green bottles to listing Quartz. Listing Quartz gives the current stock as 47 bottles.,What is the current stock of black bottles for Rowan?,What is the current stock of green bottles for Rowan?,subtract,48,9,39,47,green,black,Quartz,Russet,Answer with one Arabic numeral only.,,,,,,,,,,,,PENDING,
calv211_decrease_07_ans0_role1_order0,decrease,v21_dec_bottle_catalog,A_to_relevant,1,direct_block_first,The catalog maps Rowan's black bottles to listing Russet. Listing Russet gives the current stock as 47 bottles. The catalog maps Rowan's green bottles to listing Quartz. Listing Quartz gives a prior stock of 48 bottles and says 9 were recycled.,What is the current stock of green bottles for Rowan?,What is the current stock of black bottles for Rowan?,subtract,48,9,39,47,black,green,Russet,Quartz,Answer with one Arabic numeral only.,,,,,,,,,,,,PENDING,
calv211_decrease_07_ans0_role1_order1,decrease,v21_dec_bottle_catalog,A_to_relevant,1,transformed_block_first,The catalog maps Rowan's green bottles to listing Quartz. Listing Quartz gives a prior stock of 48 bottles and says 9 were recycled. The catalog maps Rowan's black bottles to listing Russet. Listing Russet gives the current stock as 47 bottles.,What is the current stock of green bottles for Rowan?,What is the current stock of black bottles for Rowan?,subtract,48,9,39,47,black,green,Russet,Quartz,Answer with one Arabic numeral only.,,,,,,,,,,,,PENDING,
calv211_decrease_07_ans1_role0_order0,decrease,v21_dec_bottle_catalog,B_to_relevant,0,direct_block_first,The catalog maps Rowan's green bottles to listing Quartz. Listing Quartz gives the current stock as 39 bottles. The catalog maps Rowan's black bottles to listing Russet. Listing Russet gives a prior stock of 56 bottles and says 9 were recycled.,What is the current stock of black bottles for Rowan?,What is the current stock of green bottles for Rowan?,subtract,56,9,47,39,green,black,Quartz,Russet,Answer with one Arabic numeral only.,,,,,,,,,,,,PENDING,
calv211_decrease_07_ans1_role0_order1,decrease,v21_dec_bottle_catalog,B_to_relevant,0,transformed_block_first,The catalog maps Rowan's black bottles to listing Russet. Listing Russet gives a prior stock of 56 bottles and says 9 were recycled. The catalog maps Rowan's green bottles to listing Quartz. Listing Quartz gives the current stock as 39 bottles.,What is the current stock of black bottles for Rowan?,What is the current stock of green bottles for Rowan?,subtract,56,9,47,39,green,black,Quartz,Russet,Answer with one Arabic numeral only.,,,,,,,,,,,,PENDING,
calv211_decrease_07_ans1_role1_order0,decrease,v21_dec_bottle_catalog,B_to_relevant,1,direct_block_first,The catalog maps Rowan's black bottles to listing Russet. Listing Russet gives the current stock as 39 bottles. The catalog maps Rowan's green bottles to listing Quartz. Listing Quartz gives a prior stock of 56 bottles and says 9 were recycled.,What is the current stock of green bottles for Rowan?,What is the current stock of black bottles for Rowan?,subtract,56,9,47,39,black,green,Russet,Quartz,Answer with one Arabic numeral only.,,,,,,,,,,,,PENDING,
calv211_decrease_07_ans1_role1_order1,decrease,v21_dec_bottle_catalog,B_to_relevant,1,transformed_block_first,The catalog maps Rowan's green bottles to listing Quartz. Listing Quartz gives a prior stock of 56 bottles and says 9 were recycled. The catalog maps Rowan's black bottles to listing Russet. Listing Russet gives the current stock as 39 bottles.,What is the current stock of green bottles for Rowan?,What is the current stock of black bottles for Rowan?,subtract,56,9,47,39,black,green,Russet,Quartz,Answer with one Arabic numeral only.,,,,,,,,,,,,PENDING,
calv211_increase_00_ans0_role0_order0,increase,v21_inc_clip_archive,A_to_relevant,0,direct_block_first,Tessa's red clip count is indexed by record Yarrow. Record Yarrow reports a current count of 42 clips. Tessa's blue clip count is indexed by record Haven. Record Haven reports 28 clips before 4 more were received.,What is Tessa's current blue clip count?,What is Tessa's current red clip count?,add,28,4,32,42,red,blue,Yarrow,Haven,Answer with one Arabic numeral only.,,,,,,,,,,,,PENDING,
calv211_increase_00_ans0_role0_order1,increase,v21_inc_clip_archive,A_to_relevant,0,transformed_block_first,Tessa's blue clip count is indexed by record Haven. Record Haven reports 28 clips before 4 more were received. Tessa's red clip count is indexed by record Yarrow. Record Yarrow reports a current count of 42 clips.,What is Tessa's current blue clip count?,What is Tessa's current red clip count?,add,28,4,32,42,red,blue,Yarrow,Haven,Answer with one Arabic numeral only.,,,,,,,,,,,,PENDING,
calv211_increase_00_ans0_role1_order0,increase,v21_inc_clip_archive,A_to_relevant,1,direct_block_first,Tessa's blue clip count is indexed by record Haven. Record Haven reports a current count of 42 clips. Tessa's red clip count is indexed by record Yarrow. Record Yarrow reports 28 clips before 4 more were received.,What is Tessa's current red clip count?,What is Tessa's current blue clip count?,add,28,4,32,42,blue,red,Haven,Yarrow,Answer with one Arabic numeral only.,,,,,,,,,,,,PENDING,
calv211_increase_00_ans0_role1_order1,increase,v21_inc_clip_archive,A_to_relevant,1,transformed_block_first,Tessa's red clip count is indexed by record Yarrow. Record Yarrow reports 28 clips before 4 more were received. Tessa's blue clip count is indexed by record Haven. Record Haven reports a current count of 42 clips.,What is Tessa's current red clip count?,What is Tessa's current blue clip count?,add,28,4,32,42,blue,red,Haven,Yarrow,Answer with one Arabic numeral only.,,,,,,,,,,,,PENDING,
calv211_increase_00_ans1_role0_order0,increase,v21_inc_clip_archive,B_to_relevant,0,direct_block_first,Tessa's red clip count is indexed by record Yarrow. Record Yarrow reports a current count of 32 clips. Tessa's blue clip count is indexed by record Haven. Record Haven reports 38 clips before 4 more were received.,What is Tessa's current blue clip count?,What is Tessa's current red clip count?,add,38,4,42,32,red,blue,Yarrow,Haven,Answer with one Arabic numeral only.,,,,,,,,,,,,PENDING,
calv211_increase_00_ans1_role0_order1,increase,v21_inc_clip_archive,B_to_relevant,0,transformed_block_first,Tessa's blue clip count is indexed by record Haven. Record Haven reports 38 clips before 4 more were received. Tessa's red clip count is indexed by record Yarrow. Record Yarrow reports a current count of 32 clips.,What is Tessa's current blue clip count?,What is Tessa's current red clip count?,add,38,4,42,32,red,blue,Yarrow,Haven,Answer with one Arabic numeral only.,,,,,,,,,,,,PENDING,
calv211_increase_00_ans1_role1_order0,increase,v21_inc_clip_archive,B_to_relevant,1,direct_block_first,Tessa's blue clip count is indexed by record Haven. Record Haven reports a current count of 32 clips. Tessa's red clip count is indexed by record Yarrow. Record Yarrow reports 38 clips before 4 more were received.,What is Tessa's current red clip count?,What is Tessa's current blue clip count?,add,38,4,42,32,blue,red,Haven,Yarrow,Answer with one Arabic numeral only.,,,,,,,,,,,,PENDING,
calv211_increase_00_ans1_role1_order1,increase,v21_inc_clip_archive,B_to_relevant,1,transformed_block_first,Tessa's red clip count is indexed by record Yarrow. Record Yarrow reports 38 clips before 4 more were received. Tessa's blue clip count is indexed by record Haven. Record Haven reports a current count of 32 clips.,What is Tessa's current red clip count?,What is Tessa's current blue clip count?,add,38,4,42,32,blue,red,Haven,Yarrow,Answer with one Arabic numeral only.,,,,,,,,,,,,PENDING,
calv211_increase_01_ans0_role0_order0,increase,v21_inc_ribbon_ledger,A_to_relevant,0,direct_block_first,"For Victor, the red ribbon inventory points to ledger Violet. Ledger Violet lists 45 ribbons currently. For Victor, the blue ribbon inventory points to ledger Lagoon. Ledger Lagoon lists 22 ribbons before 9 more were added.",How many blue ribbons are currently in Victor's inventory?,How many red ribbons are currently in Victor's inventory?,add,22,9,31,45,red,blue,Violet,Lagoon,Answer with one Arabic numeral only.,,,,,,,,,,,,PENDING,
calv211_increase_01_ans0_role0_order1,increase,v21_inc_ribbon_ledger,A_to_relevant,0,transformed_block_first,"For Victor, the blue ribbon inventory points to ledger Lagoon. Ledger Lagoon lists 22 ribbons before 9 more were added. For Victor, the red ribbon inventory points to ledger Violet. Ledger Violet lists 45 ribbons currently.",How many blue ribbons are currently in Victor's inventory?,How many red ribbons are currently in Victor's inventory?,add,22,9,31,45,red,blue,Violet,Lagoon,Answer with one Arabic numeral only.,,,,,,,,,,,,PENDING,
calv211_increase_01_ans0_role1_order0,increase,v21_inc_ribbon_ledger,A_to_relevant,1,direct_block_first,"For Victor, the blue ribbon inventory points to ledger Lagoon. Ledger Lagoon lists 45 ribbons currently. For Victor, the red ribbon inventory points to ledger Violet. Ledger Violet lists 22 ribbons before 9 more were added.",How many red ribbons are currently in Victor's inventory?,How many blue ribbons are currently in Victor's inventory?,add,22,9,31,45,blue,red,Lagoon,Violet,Answer with one Arabic numeral only.,,,,,,,,,,,,PENDING,
calv211_increase_01_ans0_role1_order1,increase,v21_inc_ribbon_ledger,A_to_relevant,1,transformed_block_first,"For Victor, the red ribbon inventory points to ledger Violet. Ledger Violet lists 22 ribbons before 9 more were added. For Victor, the blue ribbon inventory points to ledger Lagoon. Ledger Lagoon lists 45 ribbons currently.",How many red ribbons are currently in Victor's inventory?,How many blue ribbons are currently in Victor's inventory?,add,22,9,31,45,blue,red,Lagoon,Violet,Answer with one Arabic numeral only.,,,,,,,,,,,,PENDING,
calv211_increase_01_ans1_role0_order0,increase,v21_inc_ribbon_ledger,B_to_relevant,0,direct_block_first,"For Victor, the red ribbon inventory points to ledger Violet. Ledger Violet lists 31 ribbons currently. For Victor, the blue ribbon inventory points to ledger Lagoon. Ledger Lagoon lists 36 ribbons before 9 more were added.",How many blue ribbons are currently in Victor's inventory?,How many red ribbons are currently in Victor's inventory?,add,36,9,45,31,red,blue,Violet,Lagoon,Answer with one Arabic numeral only.,,,,,,,,,,,,PENDING,
calv211_increase_01_ans1_role0_order1,increase,v21_inc_ribbon_ledger,B_to_relevant,0,transformed_block_first,"For Victor, the blue ribbon inventory points to ledger Lagoon. Ledger Lagoon lists 36 ribbons before 9 more were added. For Victor, the red ribbon inventory points to ledger Violet. Ledger Violet lists 31 ribbons currently.",How many blue ribbons are currently in Victor's inventory?,How many red ribbons are currently in Victor's inventory?,add,36,9,45,31,red,blue,Violet,Lagoon,Answer with one Arabic numeral only.,,,,,,,,,,,,PENDING,
calv211_increase_01_ans1_role1_order0,increase,v21_inc_ribbon_ledger,B_to_relevant,1,direct_block_first,"For Victor, the blue ribbon inventory points to ledger Lagoon. Ledger Lagoon lists 31 ribbons currently. For Victor, the red ribbon inventory points to ledger Violet. Ledger Violet lists 36 ribbons before 9 more were added.",How many red ribbons are currently in Victor's inventory?,How many blue ribbons are currently in Victor's inventory?,add,36,9,45,31,blue,red,Lagoon,Violet,Answer with one Arabic numeral only.,,,,,,,,,,,,PENDING,
calv211_increase_01_ans1_role1_order1,increase,v21_inc_ribbon_ledger,B_to_relevant,1,transformed_block_first,"For Victor, the red ribbon inventory points to ledger Violet. Ledger Violet lists 36 ribbons before 9 more were added. For Victor, the blue ribbon inventory points to ledger Lagoon. Ledger Lagoon lists 31 ribbons currently.",How many red ribbons are currently in Victor's inventory?,How many blue ribbons are currently in Victor's inventory?,add,36,9,45,31,blue,red,Lagoon,Violet,Answer with one Arabic numeral only.,,,,,,,,,,,,PENDING,
calv211_increase_02_ans0_role0_order0,increase,v21_inc_notebook_file,A_to_relevant,0,direct_block_first,The file for Willa's red notebooks is named Birch. File Birch gives the present total as 56 notebooks. The file for Willa's blue notebooks is named Onyx. File Onyx starts from 28 notebooks and notes that 6 more were purchased.,What is the present number of blue notebooks for Willa?,What is the present number of red notebooks for Willa?,add,28,6,34,56,red,blue,Birch,Onyx,Answer with one Arabic numeral only.,,,,,,,,,,,,PENDING,
calv211_increase_02_ans0_role0_order1,increase,v21_inc_notebook_file,A_to_relevant,0,transformed_block_first,The file for Willa's blue notebooks is named Onyx. File Onyx starts from 28 notebooks and notes that 6 more were purchased. The file for Willa's red notebooks is named Birch. File Birch gives the present total as 56 notebooks.,What is the present number of blue notebooks for Willa?,What is the present number of red notebooks for Willa?,add,28,6,34,56,red,blue,Birch,Onyx,Answer with one Arabic numeral only.,,,,,,,,,,,,PENDING,
calv211_increase_02_ans0_role1_order0,increase,v21_inc_notebook_file,A_to_relevant,1,direct_block_first,The file for Willa's blue notebooks is named Onyx. File Onyx gives the present total as 56 notebooks. The file for Willa's red notebooks is named Birch. File Birch starts from 28 notebooks and notes that 6 more were purchased.,What is the present number of red notebooks for Willa?,What is the present number of blue notebooks for Willa?,add,28,6,34,56,blue,red,Onyx,Birch,Answer with one Arabic numeral only.,,,,,,,,,,,,PENDING,
calv211_increase_02_ans0_role1_order1,increase,v21_inc_notebook_file,A_to_relevant,1,transformed_block_first,The file for Willa's red notebooks is named Birch. File Birch starts from 28 notebooks and notes that 6 more were purchased. The file for Willa's blue notebooks is named Onyx. File Onyx gives the present total as 56 notebooks.,What is the present number of red notebooks for Willa?,What is the present number of blue notebooks for Willa?,add,28,6,34,56,blue,red,Onyx,Birch,Answer with one Arabic numeral only.,,,,,,,,,,,,PENDING,
calv211_increase_02_ans1_role0_order0,increase,v21_inc_notebook_file,B_to_relevant,0,direct_block_first,The file for Willa's red notebooks is named Birch. File Birch gives the present total as 34 notebooks. The file for Willa's blue notebooks is named Onyx. File Onyx starts from 50 notebooks and notes that 6 more were purchased.,What is the present number of blue notebooks for Willa?,What is the present number of red notebooks for Willa?,add,50,6,56,34,red,blue,Birch,Onyx,Answer with one Arabic numeral only.,,,,,,,,,,,,PENDING,
calv211_increase_02_ans1_role0_order1,increase,v21_inc_notebook_file,B_to_relevant,0,transformed_block_first,The file for Willa's blue notebooks is named Onyx. File Onyx starts from 50 notebooks and notes that 6 more were purchased. The file for Willa's red notebooks is named Birch. File Birch gives the present total as 34 notebooks.,What is the present number of blue notebooks for Willa?,What is the present number of red notebooks for Willa?,add,50,6,56,34,red,blue,Birch,Onyx,Answer with one Arabic numeral only.,,,,,,,,,,,,PENDING,
calv211_increase_02_ans1_role1_order0,increase,v21_inc_notebook_file,B_to_relevant,1,direct_block_first,The file for Willa's blue notebooks is named Onyx. File Onyx gives the present total as 34 notebooks. The file for Willa's red notebooks is named Birch. File Birch starts from 50 notebooks and notes that 6 more were purchased.,What is the present number of red notebooks for Willa?,What is the present number of blue notebooks for Willa?,add,50,6,56,34,blue,red,Onyx,Birch,Answer with one Arabic numeral only.,,,,,,,,,,,,PENDING,
calv211_increase_02_ans1_role1_order1,increase,v21_inc_notebook_file,B_to_relevant,1,transformed_block_first,The file for Willa's red notebooks is named Birch. File Birch starts from 50 notebooks and notes that 6 more were purchased. The file for Willa's blue notebooks is named Onyx. File Onyx gives the present total as 34 notebooks.,What is the present number of red notebooks for Willa?,What is the present number of blue notebooks for Willa?,add,50,6,56,34,blue,red,Onyx,Birch,Answer with one Arabic numeral only.,,,,,,,,,,,,PENDING,
calv211_increase_03_ans0_role0_order0,increase,v21_inc_pebble_register,A_to_relevant,0,direct_block_first,Xavier's register links the red pebble category to entry Clover. Entry Clover shows a current quantity of 57 pebbles. Xavier's register links the blue pebble category to entry Tango. Entry Tango shows 39 pebbles before 7 more were collected.,How many blue pebbles does Xavier currently have?,How many red pebbles does Xavier currently have?,add,39,7,46,57,red,blue,Clover,Tango,Answer with one Arabic numeral only.,,,,,,,,,,,,PENDING,
calv211_increase_03_ans0_role0_order1,increase,v21_inc_pebble_register,A_to_relevant,0,transformed_block_first,Xavier's register links the blue pebble category to entry Tango. Entry Tango shows 39 pebbles before 7 more were collected. Xavier's register links the red pebble category to entry Clover. Entry Clover shows a current quantity of 57 pebbles.,How many blue pebbles does Xavier currently have?,How many red pebbles does Xavier currently have?,add,39,7,46,57,red,blue,Clover,Tango,Answer with one Arabic numeral only.,,,,,,,,,,,,PENDING,
calv211_increase_03_ans0_role1_order0,increase,v21_inc_pebble_register,A_to_relevant,1,direct_block_first,Xavier's register links the blue pebble category to entry Tango. Entry Tango shows a current quantity of 57 pebbles. Xavier's register links the red pebble category to entry Clover. Entry Clover shows 39 pebbles before 7 more were collected.,How many red pebbles does Xavier currently have?,How many blue pebbles does Xavier currently have?,add,39,7,46,57,blue,red,Tango,Clover,Answer with one Arabic numeral only.,,,,,,,,,,,,PENDING,
calv211_increase_03_ans0_role1_order1,increase,v21_inc_pebble_register,A_to_relevant,1,transformed_block_first,Xavier's register links the red pebble category to entry Clover. Entry Clover shows 39 pebbles before 7 more were collected. Xavier's register links the blue pebble category to entry Tango. Entry Tango shows a current quantity of 57 pebbles.,How many red pebbles does Xavier currently have?,How many blue pebbles does Xavier currently have?,add,39,7,46,57,blue,red,Tango,Clover,Answer with one Arabic numeral only.,,,,,,,,,,,,PENDING,
calv211_increase_03_ans1_role0_order0,increase,v21_inc_pebble_register,B_to_relevant,0,direct_block_first,Xavier's register links the red pebble category to entry Clover. Entry Clover shows a current quantity of 46 pebbles. Xavier's register links the blue pebble category to entry Tango. Entry Tango shows 50 pebbles before 7 more were collected.,How many blue pebbles does Xavier currently have?,How many red pebbles does Xavier currently have?,add,50,7,57,46,red,blue,Clover,Tango,Answer with one Arabic numeral only.,,,,,,,,,,,,PENDING,
calv211_increase_03_ans1_role0_order1,increase,v21_inc_pebble_register,B_to_relevant,0,transformed_block_first,Xavier's register links the blue pebble category to entry Tango. Entry Tango shows 50 pebbles before 7 more were collected. Xavier's register links the red pebble category to entry Clover. Entry Clover shows a current quantity of 46 pebbles.,How many blue pebbles does Xavier currently have?,How many red pebbles does Xavier currently have?,add,50,7,57,46,red,blue,Clover,Tango,Answer with one Arabic numeral only.,,,,,,,,,,,,PENDING,
calv211_increase_03_ans1_role1_order0,increase,v21_inc_pebble_register,B_to_relevant,1,direct_block_first,Xavier's register links the blue pebble category to entry Tango. Entry Tango shows a current quantity of 46 pebbles. Xavier's register links the red pebble category to entry Clover. Entry Clover shows 50 pebbles before 7 more were collected.,How many red pebbles does Xavier currently have?,How many blue pebbles does Xavier currently have?,add,50,7,57,46,blue,red,Tango,Clover,Answer with one Arabic numeral only.,,,,,,,,,,,,PENDING,
calv211_increase_03_ans1_role1_order1,increase,v21_inc_pebble_register,B_to_relevant,1,transformed_block_first,Xavier's register links the red pebble category to entry Clover. Entry Clover shows 50 pebbles before 7 more were collected. Xavier's register links the blue pebble category to entry Tango. Entry Tango shows a current quantity of 46 pebbles.,How many red pebbles does Xavier currently have?,How many blue pebbles does Xavier currently have?,add,50,7,57,46,blue,red,Tango,Clover,Answer with one Arabic numeral only.,,,,,,,,,,,,PENDING,
calv211_increase_04_ans0_role0_order0,increase,v21_inc_coupon_index,A_to_relevant,0,direct_block_first,"In Yara's index, green coupons are assigned to card Elmwood. Card Elmwood states a current total of 54 coupons. In Yara's index, black coupons are assigned to card Dahlia. Card Dahlia states an earlier total of 24 coupons and an issue of 8 more coupons.",What number of black coupons does Yara have now?,What number of green coupons does Yara have now?,add,24,8,32,54,green,black,Elmwood,Dahlia,Answer with one Arabic numeral only.,,,,,,,,,,,,PENDING,
calv211_increase_04_ans0_role0_order1,increase,v21_inc_coupon_index,A_to_relevant,0,transformed_block_first,"In Yara's index, black coupons are assigned to card Dahlia. Card Dahlia states an earlier total of 24 coupons and an issue of 8 more coupons. In Yara's index, green coupons are assigned to card Elmwood. Card Elmwood states a current total of 54 coupons.",What number of black coupons does Yara have now?,What number of green coupons does Yara have now?,add,24,8,32,54,green,black,Elmwood,Dahlia,Answer with one Arabic numeral only.,,,,,,,,,,,,PENDING,
calv211_increase_04_ans0_role1_order0,increase,v21_inc_coupon_index,A_to_relevant,1,direct_block_first,"In Yara's index, black coupons are assigned to card Dahlia. Card Dahlia states a current total of 54 coupons. In Yara's index, green coupons are assigned to card Elmwood. Card Elmwood states an earlier total of 24 coupons and an issue of 8 more coupons.",What number of green coupons does Yara have now?,What number of black coupons does Yara have now?,add,24,8,32,54,black,green,Dahlia,Elmwood,Answer with one Arabic numeral only.,,,,,,,,,,,,PENDING,
calv211_increase_04_ans0_role1_order1,increase,v21_inc_coupon_index,A_to_relevant,1,transformed_block_first,"In Yara's index, green coupons are assigned to card Elmwood. Card Elmwood states an earlier total of 24 coupons and an issue of 8 more coupons. In Yara's index, black coupons are assigned to card Dahlia. Card Dahlia states a current total of 54 coupons.",What number of green coupons does Yara have now?,What number of black coupons does Yara have now?,add,24,8,32,54,black,green,Dahlia,Elmwood,Answer with one Arabic numeral only.,,,,,,,,,,,,PENDING,
calv211_increase_04_ans1_role0_order0,increase,v21_inc_coupon_index,B_to_relevant,0,direct_block_first,"In Yara's index, green coupons are assigned to card Elmwood. Card Elmwood states a current total of 32 coupons. In Yara's index, black coupons are assigned to card Dahlia. Card Dahlia states an earlier total of 46 coupons and an issue of 8 more coupons.",What number of black coupons does Yara have now?,What number of green coupons does Yara have now?,add,46,8,54,32,green,black,Elmwood,Dahlia,Answer with one Arabic numeral only.,,,,,,,,,,,,PENDING,
calv211_increase_04_ans1_role0_order1,increase,v21_inc_coupon_index,B_to_relevant,0,transformed_block_first,"In Yara's index, black coupons are assigned to card Dahlia. Card Dahlia states an earlier total of 46 coupons and an issue of 8 more coupons. In Yara's index, green coupons are assigned to card Elmwood. Card Elmwood states a current total of 32 coupons.",What number of black coupons does Yara have now?,What number of green coupons does Yara have now?,add,46,8,54,32,green,black,Elmwood,Dahlia,Answer with one Arabic numeral only.,,,,,,,,,,,,PENDING,
calv211_increase_04_ans1_role1_order0,increase,v21_inc_coupon_index,B_to_relevant,1,direct_block_first,"In Yara's index, black coupons are assigned to card Dahlia. Card Dahlia states a current total of 32 coupons. In Yara's index, green coupons are assigned to card Elmwood. Card Elmwood states an earlier total of 46 coupons and an issue of 8 more coupons.",What number of green coupons does Yara have now?,What number of black coupons does Yara have now?,add,46,8,54,32,black,green,Dahlia,Elmwood,Answer with one Arabic numeral only.,,,,,,,,,,,,PENDING,
calv211_increase_04_ans1_role1_order1,increase,v21_inc_coupon_index,B_to_relevant,1,transformed_block_first,"In Yara's index, green coupons are assigned to card Elmwood. Card Elmwood states an earlier total of 46 coupons and an issue of 8 more coupons. In Yara's index, black coupons are assigned to card Dahlia. Card Dahlia states a current total of 32 coupons.",What number of green coupons does Yara have now?,What number of black coupons does Yara have now?,add,46,8,54,32,black,green,Dahlia,Elmwood,Answer with one Arabic numeral only.,,,,,,,,,,,,PENDING,
calv211_increase_05_ans0_role0_order0,increase,v21_inc_marker_account,A_to_relevant,0,direct_block_first,The green marker total for Bruno is tracked in account Nimbus. Account Nimbus records a current balance of 52 markers. The black marker total for Bruno is tracked in account Fresco. Account Fresco records 29 markers before 2 more were delivered.,What is Bruno's current black marker balance?,What is Bruno's current green marker balance?,add,29,2,31,52,green,black,Nimbus,Fresco,Answer with one Arabic numeral only.,,,,,,,,,,,,PENDING,
calv211_increase_05_ans0_role0_order1,increase,v21_inc_marker_account,A_to_relevant,0,transformed_block_first,The black marker total for Bruno is tracked in account Fresco. Account Fresco records 29 markers before 2 more were delivered. The green marker total for Bruno is tracked in account Nimbus. Account Nimbus records a current balance of 52 markers.,What is Bruno's current black marker balance?,What is Bruno's current green marker balance?,add,29,2,31,52,green,black,Nimbus,Fresco,Answer with one Arabic numeral only.,,,,,,,,,,,,PENDING,
calv211_increase_05_ans0_role1_order0,increase,v21_inc_marker_account,A_to_relevant,1,direct_block_first,The black marker total for Bruno is tracked in account Fresco. Account Fresco records a current balance of 52 markers. The green marker total for Bruno is tracked in account Nimbus. Account Nimbus records 29 markers before 2 more were delivered.,What is Bruno's current green marker balance?,What is Bruno's current black marker balance?,add,29,2,31,52,black,green,Fresco,Nimbus,Answer with one Arabic numeral only.,,,,,,,,,,,,PENDING,
calv211_increase_05_ans0_role1_order1,increase,v21_inc_marker_account,A_to_relevant,1,transformed_block_first,The green marker total for Bruno is tracked in account Nimbus. Account Nimbus records 29 markers before 2 more were delivered. The black marker total for Bruno is tracked in account Fresco. Account Fresco records a current balance of 52 markers.,What is Bruno's current green marker balance?,What is Bruno's current black marker balance?,add,29,2,31,52,black,green,Fresco,Nimbus,Answer with one Arabic numeral only.,,,,,,,,,,,,PENDING,
calv211_increase_05_ans1_role0_order0,increase,v21_inc_marker_account,B_to_relevant,0,direct_block_first,The green marker total for Bruno is tracked in account Nimbus. Account Nimbus records a current balance of 31 markers. The black marker total for Bruno is tracked in account Fresco. Account Fresco records 50 markers before 2 more were delivered.,What is Bruno's current black marker balance?,What is Bruno's current green marker balance?,add,50,2,52,31,green,black,Nimbus,Fresco,Answer with one Arabic numeral only.,,,,,,,,,,,,PENDING,
calv211_increase_05_ans1_role0_order1,increase,v21_inc_marker_account,B_to_relevant,0,transformed_block_first,The black marker total for Bruno is tracked in account Fresco. Account Fresco records 50 markers before 2 more were delivered. The green marker total for Bruno is tracked in account Nimbus. Account Nimbus records a current balance of 31 markers.,What is Bruno's current black marker balance?,What is Bruno's current green marker balance?,add,50,2,52,31,green,black,Nimbus,Fresco,Answer with one Arabic numeral only.,,,,,,,,,,,,PENDING,
calv211_increase_05_ans1_role1_order0,increase,v21_inc_marker_account,B_to_relevant,1,direct_block_first,The black marker total for Bruno is tracked in account Fresco. Account Fresco records a current balance of 31 markers. The green marker total for Bruno is tracked in account Nimbus. Account Nimbus records 50 markers before 2 more were delivered.,What is Bruno's current green marker balance?,What is Bruno's current black marker balance?,add,50,2,52,31,black,green,Fresco,Nimbus,Answer with one Arabic numeral only.,,,,,,,,,,,,PENDING,
calv211_increase_05_ans1_role1_order1,increase,v21_inc_marker_account,B_to_relevant,1,transformed_block_first,The green marker total for Bruno is tracked in account Nimbus. Account Nimbus records 50 markers before 2 more were delivered. The black marker total for Bruno is tracked in account Fresco. Account Fresco records a current balance of 31 markers.,What is Bruno's current green marker balance?,What is Bruno's current black marker balance?,add,50,2,52,31,black,green,Fresco,Nimbus,Answer with one Arabic numeral only.,,,,,,,,,,,,PENDING,
calv211_increase_06_ans0_role0_order0,increase,v21_inc_packet_folder,A_to_relevant,0,direct_block_first,Chloe's green packet inventory is referenced by folder Zenith. Folder Zenith contains a current total of 42 packets. Chloe's black packet inventory is referenced by folder Opal. Folder Opal contains an initial total of 24 packets and notes that 7 more were placed there.,How many black packets are now in Chloe's inventory?,How many green packets are now in Chloe's inventory?,add,24,7,31,42,green,black,Zenith,Opal,Answer with one Arabic numeral only.,,,,,,,,,,,,PENDING,
calv211_increase_06_ans0_role0_order1,increase,v21_inc_packet_folder,A_to_relevant,0,transformed_block_first,Chloe's black packet inventory is referenced by folder Opal. Folder Opal contains an initial total of 24 packets and notes that 7 more were placed there. Chloe's green packet inventory is referenced by folder Zenith. Folder Zenith contains a current total of 42 packets.,How many black packets are now in Chloe's inventory?,How many green packets are now in Chloe's inventory?,add,24,7,31,42,green,black,Zenith,Opal,Answer with one Arabic numeral only.,,,,,,,,,,,,PENDING,
calv211_increase_06_ans0_role1_order0,increase,v21_inc_packet_folder,A_to_relevant,1,direct_block_first,Chloe's black packet inventory is referenced by folder Opal. Folder Opal contains a current total of 42 packets. Chloe's green packet inventory is referenced by folder Zenith. Folder Zenith contains an initial total of 24 packets and notes that 7 more were placed there.,How many green packets are now in Chloe's inventory?,How many black packets are now in Chloe's inventory?,add,24,7,31,42,black,green,Opal,Zenith,Answer with one Arabic numeral only.,,,,,,,,,,,,PENDING,
calv211_increase_06_ans0_role1_order1,increase,v21_inc_packet_folder,A_to_relevant,1,transformed_block_first,Chloe's green packet inventory is referenced by folder Zenith. Folder Zenith contains an initial total of 24 packets and notes that 7 more were placed there. Chloe's black packet inventory is referenced by folder Opal. Folder Opal contains a current total of 42 packets.,How many green packets are now in Chloe's inventory?,How many black packets are now in Chloe's inventory?,add,24,7,31,42,black,green,Opal,Zenith,Answer with one Arabic numeral only.,,,,,,,,,,,,PENDING,
calv211_increase_06_ans1_role0_order0,increase,v21_inc_packet_folder,B_to_relevant,0,direct_block_first,Chloe's green packet inventory is referenced by folder Zenith. Folder Zenith contains a current total of 31 packets. Chloe's black packet inventory is referenced by folder Opal. Folder Opal contains an initial total of 35 packets and notes that 7 more were placed there.,How many black packets are now in Chloe's inventory?,How many green packets are now in Chloe's inventory?,add,35,7,42,31,green,black,Zenith,Opal,Answer with one Arabic numeral only.,,,,,,,,,,,,PENDING,
calv211_increase_06_ans1_role0_order1,increase,v21_inc_packet_folder,B_to_relevant,0,transformed_block_first,Chloe's black packet inventory is referenced by folder Opal. Folder Opal contains an initial total of 35 packets and notes that 7 more were placed there. Chloe's green packet inventory is referenced by folder Zenith. Folder Zenith contains a current total of 31 packets.,How many black packets are now in Chloe's inventory?,How many green packets are now in Chloe's inventory?,add,35,7,42,31,green,black,Zenith,Opal,Answer with one Arabic numeral only.,,,,,,,,,,,,PENDING,
calv211_increase_06_ans1_role1_order0,increase,v21_inc_packet_folder,B_to_relevant,1,direct_block_first,Chloe's black packet inventory is referenced by folder Opal. Folder Opal contains a current total of 31 packets. Chloe's green packet inventory is referenced by folder Zenith. Folder Zenith contains an initial total of 35 packets and notes that 7 more were placed there.,How many green packets are now in Chloe's inventory?,How many black packets are now in Chloe's inventory?,add,35,7,42,31,black,green,Opal,Zenith,Answer with one Arabic numeral only.,,,,,,,,,,,,PENDING,
calv211_increase_06_ans1_role1_order1,increase,v21_inc_packet_folder,B_to_relevant,1,transformed_block_first,Chloe's green packet inventory is referenced by folder Zenith. Folder Zenith contains an initial total of 35 packets and notes that 7 more were placed there. Chloe's black packet inventory is referenced by folder Opal. Folder Opal contains a current total of 31 packets.,How many green packets are now in Chloe's inventory?,How many black packets are now in Chloe's inventory?,add,35,7,42,31,black,green,Opal,Zenith,Answer with one Arabic numeral only.,,,,,,,,,,,,PENDING,
calv211_increase_07_ans0_role0_order0,increase,v21_inc_candle_catalog,A_to_relevant,0,direct_block_first,The catalog maps Dante's green candles to listing Ripple. Listing Ripple gives the current stock as 41 candles. The catalog maps Dante's black candles to listing Walnut. Listing Walnut gives a prior stock of 34 candles and says 2 more were stocked.,What is the current stock of black candles for Dante?,What is the current stock of green candles for Dante?,add,34,2,36,41,green,black,Ripple,Walnut,Answer with one Arabic numeral only.,,,,,,,,,,,,PENDING,
calv211_increase_07_ans0_role0_order1,increase,v21_inc_candle_catalog,A_to_relevant,0,transformed_block_first,The catalog maps Dante's black candles to listing Walnut. Listing Walnut gives a prior stock of 34 candles and says 2 more were stocked. The catalog maps Dante's green candles to listing Ripple. Listing Ripple gives the current stock as 41 candles.,What is the current stock of black candles for Dante?,What is the current stock of green candles for Dante?,add,34,2,36,41,green,black,Ripple,Walnut,Answer with one Arabic numeral only.,,,,,,,,,,,,PENDING,
calv211_increase_07_ans0_role1_order0,increase,v21_inc_candle_catalog,A_to_relevant,1,direct_block_first,The catalog maps Dante's black candles to listing Walnut. Listing Walnut gives the current stock as 41 candles. The catalog maps Dante's green candles to listing Ripple. Listing Ripple gives a prior stock of 34 candles and says 2 more were stocked.,What is the current stock of green candles for Dante?,What is the current stock of black candles for Dante?,add,34,2,36,41,black,green,Walnut,Ripple,Answer with one Arabic numeral only.,,,,,,,,,,,,PENDING,
calv211_increase_07_ans0_role1_order1,increase,v21_inc_candle_catalog,A_to_relevant,1,transformed_block_first,The catalog maps Dante's green candles to listing Ripple. Listing Ripple gives a prior stock of 34 candles and says 2 more were stocked. The catalog maps Dante's black candles to listing Walnut. Listing Walnut gives the current stock as 41 candles.,What is the current stock of green candles for Dante?,What is the current stock of black candles for Dante?,add,34,2,36,41,black,green,Walnut,Ripple,Answer with one Arabic numeral only.,,,,,,,,,,,,PENDING,
calv211_increase_07_ans1_role0_order0,increase,v21_inc_candle_catalog,B_to_relevant,0,direct_block_first,The catalog maps Dante's green candles to listing Ripple. Listing Ripple gives the current stock as 36 candles. The catalog maps Dante's black candles to listing Walnut. Listing Walnut gives a prior stock of 39 candles and says 2 more were stocked.,What is the current stock of black candles for Dante?,What is the current stock of green candles for Dante?,add,39,2,41,36,green,black,Ripple,Walnut,Answer with one Arabic numeral only.,,,,,,,,,,,,PENDING,
calv211_increase_07_ans1_role0_order1,increase,v21_inc_candle_catalog,B_to_relevant,0,transformed_block_first,The catalog maps Dante's black candles to listing Walnut. Listing Walnut gives a prior stock of 39 candles and says 2 more were stocked. The catalog maps Dante's green candles to listing Ripple. Listing Ripple gives the current stock as 36 candles.,What is the current stock of black candles for Dante?,What is the current stock of green candles for Dante?,add,39,2,41,36,green,black,Ripple,Walnut,Answer with one Arabic numeral only.,,,,,,,,,,,,PENDING,
calv211_increase_07_ans1_role1_order0,increase,v21_inc_candle_catalog,B_to_relevant,1,direct_block_first,The catalog maps Dante's black candles to listing Walnut. Listing Walnut gives the current stock as 36 candles. The catalog maps Dante's green candles to listing Ripple. Listing Ripple gives a prior stock of 39 candles and says 2 more were stocked.,What is the current stock of green candles for Dante?,What is the current stock of black candles for Dante?,add,39,2,41,36,black,green,Walnut,Ripple,Answer with one Arabic numeral only.,,,,,,,,,,,,PENDING,
calv211_increase_07_ans1_role1_order1,increase,v21_inc_candle_catalog,B_to_relevant,1,transformed_block_first,The catalog maps Dante's green candles to listing Ripple. Listing Ripple gives a prior stock of 39 candles and says 2 more were stocked. The catalog maps Dante's black candles to listing Walnut. Listing Walnut gives the current stock as 36 candles.,What is the current stock of green candles for Dante?,What is the current stock of black candles for Dante?,add,39,2,41,36,black,green,Walnut,Ripple,Answer with one Arabic numeral only.,,,,,,,,,,,,PENDING,
calv211_temperature_00_ans0_role0_order0,temperature,v21_temp_flask_archive,A_to_relevant,0,direct_block_first,The red flask's temperature is indexed by record Aster. Record Aster reports a current temperature of 36 degrees. The blue flask's temperature is indexed by record Falcon. Record Falcon reports 27 degrees before a rise of 4 degrees.,What is the blue flask's current temperature?,What is the red flask's current temperature?,add,27,4,31,36,red,blue,Aster,Falcon,Answer with one Arabic numeral only.,,,,,,,,,,,,PENDING,
calv211_temperature_00_ans0_role0_order1,temperature,v21_temp_flask_archive,A_to_relevant,0,transformed_block_first,The blue flask's temperature is indexed by record Falcon. Record Falcon reports 27 degrees before a rise of 4 degrees. The red flask's temperature is indexed by record Aster. Record Aster reports a current temperature of 36 degrees.,What is the blue flask's current temperature?,What is the red flask's current temperature?,add,27,4,31,36,red,blue,Aster,Falcon,Answer with one Arabic numeral only.,,,,,,,,,,,,PENDING,
calv211_temperature_00_ans0_role1_order0,temperature,v21_temp_flask_archive,A_to_relevant,1,direct_block_first,The blue flask's temperature is indexed by record Falcon. Record Falcon reports a current temperature of 36 degrees. The red flask's temperature is indexed by record Aster. Record Aster reports 27 degrees before a rise of 4 degrees.,What is the red flask's current temperature?,What is the blue flask's current temperature?,add,27,4,31,36,blue,red,Falcon,Aster,Answer with one Arabic numeral only.,,,,,,,,,,,,PENDING,
calv211_temperature_00_ans0_role1_order1,temperature,v21_temp_flask_archive,A_to_relevant,1,transformed_block_first,The red flask's temperature is indexed by record Aster. Record Aster reports 27 degrees before a rise of 4 degrees. The blue flask's temperature is indexed by record Falcon. Record Falcon reports a current temperature of 36 degrees.,What is the red flask's current temperature?,What is the blue flask's current temperature?,add,27,4,31,36,blue,red,Falcon,Aster,Answer with one Arabic numeral only.,,,,,,,,,,,,PENDING,
calv211_temperature_00_ans1_role0_order0,temperature,v21_temp_flask_archive,B_to_relevant,0,direct_block_first,The red flask's temperature is indexed by record Aster. Record Aster reports a current temperature of 31 degrees. The blue flask's temperature is indexed by record Falcon. Record Falcon reports 32 degrees before a rise of 4 degrees.,What is the blue flask's current temperature?,What is the red flask's current temperature?,add,32,4,36,31,red,blue,Aster,Falcon,Answer with one Arabic numeral only.,,,,,,,,,,,,PENDING,
calv211_temperature_00_ans1_role0_order1,temperature,v21_temp_flask_archive,B_to_relevant,0,transformed_block_first,The blue flask's temperature is indexed by record Falcon. Record Falcon reports 32 degrees before a rise of 4 degrees. The red flask's temperature is indexed by record Aster. Record Aster reports a current temperature of 31 degrees.,What is the blue flask's current temperature?,What is the red flask's current temperature?,add,32,4,36,31,red,blue,Aster,Falcon,Answer with one Arabic numeral only.,,,,,,,,,,,,PENDING,
calv211_temperature_00_ans1_role1_order0,temperature,v21_temp_flask_archive,B_to_relevant,1,direct_block_first,The blue flask's temperature is indexed by record Falcon. Record Falcon reports a current temperature of 31 degrees. The red flask's temperature is indexed by record Aster. Record Aster reports 32 degrees before a rise of 4 degrees.,What is the red flask's current temperature?,What is the blue flask's current temperature?,add,32,4,36,31,blue,red,Falcon,Aster,Answer with one Arabic numeral only.,,,,,,,,,,,,PENDING,
calv211_temperature_00_ans1_role1_order1,temperature,v21_temp_flask_archive,B_to_relevant,1,transformed_block_first,The red flask's temperature is indexed by record Aster. Record Aster reports 32 degrees before a rise of 4 degrees. The blue flask's temperature is indexed by record Falcon. Record Falcon reports a current temperature of 31 degrees.,What is the red flask's current temperature?,What is the blue flask's current temperature?,add,32,4,36,31,blue,red,Falcon,Aster,Answer with one Arabic numeral only.,,,,,,,,,,,,PENDING,
calv211_temperature_01_ans0_role0_order0,temperature,v21_temp_cabinet_ledger,A_to_relevant,0,direct_block_first,The temperature for the red cabinet points to ledger Pecan. Ledger Pecan lists a current reading of 49 degrees. The temperature for the blue cabinet points to ledger Sorrel. Ledger Sorrel lists 28 degrees before the reading increased by 5 degrees.,What temperature does the blue cabinet have now?,What temperature does the red cabinet have now?,add,28,5,33,49,red,blue,Pecan,Sorrel,Answer with one Arabic numeral only.,,,,,,,,,,,,PENDING,
calv211_temperature_01_ans0_role0_order1,temperature,v21_temp_cabinet_ledger,A_to_relevant,0,transformed_block_first,The temperature for the blue cabinet points to ledger Sorrel. Ledger Sorrel lists 28 degrees before the reading increased by 5 degrees. The temperature for the red cabinet points to ledger Pecan. Ledger Pecan lists a current reading of 49 degrees.,What temperature does the blue cabinet have now?,What temperature does the red cabinet have now?,add,28,5,33,49,red,blue,Pecan,Sorrel,Answer with one Arabic numeral only.,,,,,,,,,,,,PENDING,
calv211_temperature_01_ans0_role1_order0,temperature,v21_temp_cabinet_ledger,A_to_relevant,1,direct_block_first,The temperature for the blue cabinet points to ledger Sorrel. Ledger Sorrel lists a current reading of 49 degrees. The temperature for the red cabinet points to ledger Pecan. Ledger Pecan lists 28 degrees before the reading increased by 5 degrees.,What temperature does the red cabinet have now?,What temperature does the blue cabinet have now?,add,28,5,33,49,blue,red,Sorrel,Pecan,Answer with one Arabic numeral only.,,,,,,,,,,,,PENDING,
calv211_temperature_01_ans0_role1_order1,temperature,v21_temp_cabinet_ledger,A_to_relevant,1,transformed_block_first,The temperature for the red cabinet points to ledger Pecan. Ledger Pecan lists 28 degrees before the reading increased by 5 degrees. The temperature for the blue cabinet points to ledger Sorrel. Ledger Sorrel lists a current reading of 49 degrees.,What temperature does the red cabinet have now?,What temperature does the blue cabinet have now?,add,28,5,33,49,blue,red,Sorrel,Pecan,Answer with one Arabic numeral only.,,,,,,,,,,,,PENDING,
calv211_temperature_01_ans1_role0_order0,temperature,v21_temp_cabinet_ledger,B_to_relevant,0,direct_block_first,The temperature for the red cabinet points to ledger Pecan. Ledger Pecan lists a current reading of 33 degrees. The temperature for the blue cabinet points to ledger Sorrel. Ledger Sorrel lists 44 degrees before the reading increased by 5 degrees.,What temperature does the blue cabinet have now?,What temperature does the red cabinet have now?,add,44,5,49,33,red,blue,Pecan,Sorrel,Answer with one Arabic numeral only.,,,,,,,,,,,,PENDING,
calv211_temperature_01_ans1_role0_order1,temperature,v21_temp_cabinet_ledger,B_to_relevant,0,transformed_block_first,The temperature for the blue cabinet points to ledger Sorrel. Ledger Sorrel lists 44 degrees before the reading increased by 5 degrees. The temperature for the red cabinet points to ledger Pecan. Ledger Pecan lists a current reading of 33 degrees.,What temperature does the blue cabinet have now?,What temperature does the red cabinet have now?,add,44,5,49,33,red,blue,Pecan,Sorrel,Answer with one Arabic numeral only.,,,,,,,,,,,,PENDING,
calv211_temperature_01_ans1_role1_order0,temperature,v21_temp_cabinet_ledger,B_to_relevant,1,direct_block_first,The temperature for the blue cabinet points to ledger Sorrel. Ledger Sorrel lists a current reading of 33 degrees. The temperature for the red cabinet points to ledger Pecan. Ledger Pecan lists 44 degrees before the reading increased by 5 degrees.,What temperature does the red cabinet have now?,What temperature does the blue cabinet have now?,add,44,5,49,33,blue,red,Sorrel,Pecan,Answer with one Arabic numeral only.,,,,,,,,,,,,PENDING,
calv211_temperature_01_ans1_role1_order1,temperature,v21_temp_cabinet_ledger,B_to_relevant,1,transformed_block_first,The temperature for the red cabinet points to ledger Pecan. Ledger Pecan lists 44 degrees before the reading increased by 5 degrees. The temperature for the blue cabinet points to ledger Sorrel. Ledger Sorrel lists a current reading of 33 degrees.,What temperature does the red cabinet have now?,What temperature does the blue cabinet have now?,add,44,5,49,33,blue,red,Sorrel,Pecan,Answer with one Arabic numeral only.,,,,,,,,,,,,PENDING,
calv211_temperature_02_ans0_role0_order0,temperature,v21_temp_incubator_file,A_to_relevant,0,direct_block_first,The file for the red incubator's temperature is named Lumen. File Lumen gives the present reading as 57 degrees. The file for the blue incubator's temperature is named Raven. File Raven starts from 25 degrees and notes warming by 8 degrees.,What is the present temperature of the blue incubator?,What is the present temperature of the red incubator?,add,25,8,33,57,red,blue,Lumen,Raven,Answer with one Arabic numeral only.,,,,,,,,,,,,PENDING,
calv211_temperature_02_ans0_role0_order1,temperature,v21_temp_incubator_file,A_to_relevant,0,transformed_block_first,The file for the blue incubator's temperature is named Raven. File Raven starts from 25 degrees and notes warming by 8 degrees. The file for the red incubator's temperature is named Lumen. File Lumen gives the present reading as 57 degrees.,What is the present temperature of the blue incubator?,What is the present temperature of the red incubator?,add,25,8,33,57,red,blue,Lumen,Raven,Answer with one Arabic numeral only.,,,,,,,,,,,,PENDING,
calv211_temperature_02_ans0_role1_order0,temperature,v21_temp_incubator_file,A_to_relevant,1,direct_block_first,The file for the blue incubator's temperature is named Raven. File Raven gives the present reading as 57 degrees. The file for the red incubator's temperature is named Lumen. File Lumen starts from 25 degrees and notes warming by 8 degrees.,What is the present temperature of the red incubator?,What is the present temperature of the blue incubator?,add,25,8,33,57,blue,red,Raven,Lumen,Answer with one Arabic numeral only.,,,,,,,,,,,,PENDING,
calv211_temperature_02_ans0_role1_order1,temperature,v21_temp_incubator_file,A_to_relevant,1,transformed_block_first,The file for the red incubator's temperature is named Lumen. File Lumen starts from 25 degrees and notes warming by 8 degrees. The file for the blue incubator's temperature is named Raven. File Raven gives the present reading as 57 degrees.,What is the present temperature of the red incubator?,What is the present temperature of the blue incubator?,add,25,8,33,57,blue,red,Raven,Lumen,Answer with one Arabic numeral only.,,,,,,,,,,,,PENDING,
calv211_temperature_02_ans1_role0_order0,temperature,v21_temp_incubator_file,B_to_relevant,0,direct_block_first,The file for the red incubator's temperature is named Lumen. File Lumen gives the present reading as 33 degrees. The file for the blue incubator's temperature is named Raven. File Raven starts from 49 degrees and notes warming by 8 degrees.,What is the present temperature of the blue incubator?,What is the present temperature of the red incubator?,add,49,8,57,33,red,blue,Lumen,Raven,Answer with one Arabic numeral only.,,,,,,,,,,,,PENDING,
calv211_temperature_02_ans1_role0_order1,temperature,v21_temp_incubator_file,B_to_relevant,0,transformed_block_first,The file for the blue incubator's temperature is named Raven. File Raven starts from 49 degrees and notes warming by 8 degrees. The file for the red incubator's temperature is named Lumen. File Lumen gives the present reading as 33 degrees.,What is the present temperature of the blue incubator?,What is the present temperature of the red incubator?,add,49,8,57,33,red,blue,Lumen,Raven,Answer with one Arabic numeral only.,,,,,,,,,,,,PENDING,
calv211_temperature_02_ans1_role1_order0,temperature,v21_temp_incubator_file,B_to_relevant,1,direct_block_first,The file for the blue incubator's temperature is named Raven. File Raven gives the present reading as 33 degrees. The file for the red incubator's temperature is named Lumen. File Lumen starts from 49 degrees and notes warming by 8 degrees.,What is the present temperature of the red incubator?,What is the present temperature of the blue incubator?,add,49,8,57,33,blue,red,Raven,Lumen,Answer with one Arabic numeral only.,,,,,,,,,,,,PENDING,
calv211_temperature_02_ans1_role1_order1,temperature,v21_temp_incubator_file,B_to_relevant,1,transformed_block_first,The file for the red incubator's temperature is named Lumen. File Lumen starts from 49 degrees and notes warming by 8 degrees. The file for the blue incubator's temperature is named Raven. File Raven gives the present reading as 33 degrees.,What is the present temperature of the red incubator?,What is the present temperature of the blue incubator?,add,49,8,57,33,blue,red,Raven,Lumen,Answer with one Arabic numeral only.,,,,,,,,,,,,PENDING,
calv211_temperature_03_ans0_role0_order0,temperature,v21_temp_reservoir_register,A_to_relevant,0,direct_block_first,"The register links the red reservoir's temperature to entry Olive. Entry Olive shows a current reading of 49 degrees. The register links the blue reservoir's temperature to entry Lotus. Entry Lotus shows an earlier reading of 29 degrees, after which the recorded temperature rose by 5 degrees.",What is the blue reservoir's temperature now?,What is the red reservoir's temperature now?,add,29,5,34,49,red,blue,Olive,Lotus,Answer with one Arabic numeral only.,,,,,,,,,,,,PENDING,
calv211_temperature_03_ans0_role0_order1,temperature,v21_temp_reservoir_register,A_to_relevant,0,transformed_block_first,"The register links the blue reservoir's temperature to entry Lotus. Entry Lotus shows an earlier reading of 29 degrees, after which the recorded temperature rose by 5 degrees. The register links the red reservoir's temperature to entry Olive. Entry Olive shows a current reading of 49 degrees.",What is the blue reservoir's temperature now?,What is the red reservoir's temperature now?,add,29,5,34,49,red,blue,Olive,Lotus,Answer with one Arabic numeral only.,,,,,,,,,,,,PENDING,
calv211_temperature_03_ans0_role1_order0,temperature,v21_temp_reservoir_register,A_to_relevant,1,direct_block_first,"The register links the blue reservoir's temperature to entry Lotus. Entry Lotus shows a current reading of 49 degrees. The register links the red reservoir's temperature to entry Olive. Entry Olive shows an earlier reading of 29 degrees, after which the recorded temperature rose by 5 degrees.",What is the red reservoir's temperature now?,What is the blue reservoir's temperature now?,add,29,5,34,49,blue,red,Lotus,Olive,Answer with one Arabic numeral only.,,,,,,,,,,,,PENDING,
calv211_temperature_03_ans0_role1_order1,temperature,v21_temp_reservoir_register,A_to_relevant,1,transformed_block_first,"The register links the red reservoir's temperature to entry Olive. Entry Olive shows an earlier reading of 29 degrees, after which the recorded temperature rose by 5 degrees. The register links the blue reservoir's temperature to entry Lotus. Entry Lotus shows a current reading of 49 degrees.",What is the red reservoir's temperature now?,What is the blue reservoir's temperature now?,add,29,5,34,49,blue,red,Lotus,Olive,Answer with one Arabic numeral only.,,,,,,,,,,,,PENDING,
calv211_temperature_03_ans1_role0_order0,temperature,v21_temp_reservoir_register,B_to_relevant,0,direct_block_first,"The register links the red reservoir's temperature to entry Olive. Entry Olive shows a current reading of 34 degrees. The register links the blue reservoir's temperature to entry Lotus. Entry Lotus shows an earlier reading of 44 degrees, after which the recorded temperature rose by 5 degrees.",What is the blue reservoir's temperature now?,What is the red reservoir's temperature now?,add,44,5,49,34,red,blue,Olive,Lotus,Answer with one Arabic numeral only.,,,,,,,,,,,,PENDING,
calv211_temperature_03_ans1_role0_order1,temperature,v21_temp_reservoir_register,B_to_relevant,0,transformed_block_first,"The register links the blue reservoir's temperature to entry Lotus. Entry Lotus shows an earlier reading of 44 degrees, after which the recorded temperature rose by 5 degrees. The register links the red reservoir's temperature to entry Olive. Entry Olive shows a current reading of 34 degrees.",What is the blue reservoir's temperature now?,What is the red reservoir's temperature now?,add,44,5,49,34,red,blue,Olive,Lotus,Answer with one Arabic numeral only.,,,,,,,,,,,,PENDING,
calv211_temperature_03_ans1_role1_order0,temperature,v21_temp_reservoir_register,B_to_relevant,1,direct_block_first,"The register links the blue reservoir's temperature to entry Lotus. Entry Lotus shows a current reading of 34 degrees. The register links the red reservoir's temperature to entry Olive. Entry Olive shows an earlier reading of 44 degrees, after which the recorded temperature rose by 5 degrees.",What is the red reservoir's temperature now?,What is the blue reservoir's temperature now?,add,44,5,49,34,blue,red,Lotus,Olive,Answer with one Arabic numeral only.,,,,,,,,,,,,PENDING,
calv211_temperature_03_ans1_role1_order1,temperature,v21_temp_reservoir_register,B_to_relevant,1,transformed_block_first,"The register links the red reservoir's temperature to entry Olive. Entry Olive shows an earlier reading of 44 degrees, after which the recorded temperature rose by 5 degrees. The register links the blue reservoir's temperature to entry Lotus. Entry Lotus shows a current reading of 34 degrees.",What is the red reservoir's temperature now?,What is the blue reservoir's temperature now?,add,44,5,49,34,blue,red,Lotus,Olive,Answer with one Arabic numeral only.,,,,,,,,,,,,PENDING,
calv211_temperature_04_ans0_role0_order0,temperature,v21_temp_compartment_index,A_to_relevant,0,direct_block_first,"In the index, the green compartment's temperature is assigned to card Spruce. Card Spruce states a current reading of 49 degrees. In the index, the black compartment's temperature is assigned to card Glade. Card Glade states an earlier reading of 33 degrees and an increase of 5 degrees.",What temperature is the black compartment at now?,What temperature is the green compartment at now?,add,33,5,38,49,green,black,Spruce,Glade,Answer with one Arabic numeral only.,,,,,,,,,,,,PENDING,
calv211_temperature_04_ans0_role0_order1,temperature,v21_temp_compartment_index,A_to_relevant,0,transformed_block_first,"In the index, the black compartment's temperature is assigned to card Glade. Card Glade states an earlier reading of 33 degrees and an increase of 5 degrees. In the index, the green compartment's temperature is assigned to card Spruce. Card Spruce states a current reading of 49 degrees.",What temperature is the black compartment at now?,What temperature is the green compartment at now?,add,33,5,38,49,green,black,Spruce,Glade,Answer with one Arabic numeral only.,,,,,,,,,,,,PENDING,
calv211_temperature_04_ans0_role1_order0,temperature,v21_temp_compartment_index,A_to_relevant,1,direct_block_first,"In the index, the black compartment's temperature is assigned to card Glade. Card Glade states a current reading of 49 degrees. In the index, the green compartment's temperature is assigned to card Spruce. Card Spruce states an earlier reading of 33 degrees and an increase of 5 degrees.",What temperature is the green compartment at now?,What temperature is the black compartment at now?,add,33,5,38,49,black,green,Glade,Spruce,Answer with one Arabic numeral only.,,,,,,,,,,,,PENDING,
calv211_temperature_04_ans0_role1_order1,temperature,v21_temp_compartment_index,A_to_relevant,1,transformed_block_first,"In the index, the green compartment's temperature is assigned to card Spruce. Card Spruce states an earlier reading of 33 degrees and an increase of 5 degrees. In the index, the black compartment's temperature is assigned to card Glade. Card Glade states a current reading of 49 degrees.",What temperature is the green compartment at now?,What temperature is the black compartment at now?,add,33,5,38,49,black,green,Glade,Spruce,Answer with one Arabic numeral only.,,,,,,,,,,,,PENDING,
calv211_temperature_04_ans1_role0_order0,temperature,v21_temp_compartment_index,B_to_relevant,0,direct_block_first,"In the index, the green compartment's temperature is assigned to card Spruce. Card Spruce states a current reading of 38 degrees. In the index, the black compartment's temperature is assigned to card Glade. Card Glade states an earlier reading of 44 degrees and an increase of 5 degrees.",What temperature is the black compartment at now?,What temperature is the green compartment at now?,add,44,5,49,38,green,black,Spruce,Glade,Answer with one Arabic numeral only.,,,,,,,,,,,,PENDING,
calv211_temperature_04_ans1_role0_order1,temperature,v21_temp_compartment_index,B_to_relevant,0,transformed_block_first,"In the index, the black compartment's temperature is assigned to card Glade. Card Glade states an earlier reading of 44 degrees and an increase of 5 degrees. In the index, the green compartment's temperature is assigned to card Spruce. Card Spruce states a current reading of 38 degrees.",What temperature is the black compartment at now?,What temperature is the green compartment at now?,add,44,5,49,38,green,black,Spruce,Glade,Answer with one Arabic numeral only.,,,,,,,,,,,,PENDING,
calv211_temperature_04_ans1_role1_order0,temperature,v21_temp_compartment_index,B_to_relevant,1,direct_block_first,"In the index, the black compartment's temperature is assigned to card Glade. Card Glade states a current reading of 38 degrees. In the index, the green compartment's temperature is assigned to card Spruce. Card Spruce states an earlier reading of 44 degrees and an increase of 5 degrees.",What temperature is the green compartment at now?,What temperature is the black compartment at now?,add,44,5,49,38,black,green,Glade,Spruce,Answer with one Arabic numeral only.,,,,,,,,,,,,PENDING,
calv211_temperature_04_ans1_role1_order1,temperature,v21_temp_compartment_index,B_to_relevant,1,transformed_block_first,"In the index, the green compartment's temperature is assigned to card Spruce. Card Spruce states an earlier reading of 44 degrees and an increase of 5 degrees. In the index, the black compartment's temperature is assigned to card Glade. Card Glade states a current reading of 38 degrees.",What temperature is the green compartment at now?,What temperature is the black compartment at now?,add,44,5,49,38,black,green,Glade,Spruce,Answer with one Arabic numeral only.,,,,,,,,,,,,PENDING,
calv211_temperature_05_ans0_role0_order0,temperature,v21_temp_capsule_account,A_to_relevant,0,direct_block_first,"The green capsule's temperature is tracked in account Sable. Account Sable records a current level of 58 degrees. The black capsule's temperature is tracked in account Hollow. Account Hollow records an earlier temperature of 35 degrees, after which the recorded temperature increased by 4 degrees.",What is the current temperature of the black capsule?,What is the current temperature of the green capsule?,add,35,4,39,58,green,black,Sable,Hollow,Answer with one Arabic numeral only.,,,,,,,,,,,,PENDING,
calv211_temperature_05_ans0_role0_order1,temperature,v21_temp_capsule_account,A_to_relevant,0,transformed_block_first,"The black capsule's temperature is tracked in account Hollow. Account Hollow records an earlier temperature of 35 degrees, after which the recorded temperature increased by 4 degrees. The green capsule's temperature is tracked in account Sable. Account Sable records a current level of 58 degrees.",What is the current temperature of the black capsule?,What is the current temperature of the green capsule?,add,35,4,39,58,green,black,Sable,Hollow,Answer with one Arabic numeral only.,,,,,,,,,,,,PENDING,
calv211_temperature_05_ans0_role1_order0,temperature,v21_temp_capsule_account,A_to_relevant,1,direct_block_first,"The black capsule's temperature is tracked in account Hollow. Account Hollow records a current level of 58 degrees. The green capsule's temperature is tracked in account Sable. Account Sable records an earlier temperature of 35 degrees, after which the recorded temperature increased by 4 degrees.",What is the current temperature of the green capsule?,What is the current temperature of the black capsule?,add,35,4,39,58,black,green,Hollow,Sable,Answer with one Arabic numeral only.,,,,,,,,,,,,PENDING,
calv211_temperature_05_ans0_role1_order1,temperature,v21_temp_capsule_account,A_to_relevant,1,transformed_block_first,"The green capsule's temperature is tracked in account Sable. Account Sable records an earlier temperature of 35 degrees, after which the recorded temperature increased by 4 degrees. The black capsule's temperature is tracked in account Hollow. Account Hollow records a current level of 58 degrees.",What is the current temperature of the green capsule?,What is the current temperature of the black capsule?,add,35,4,39,58,black,green,Hollow,Sable,Answer with one Arabic numeral only.,,,,,,,,,,,,PENDING,
calv211_temperature_05_ans1_role0_order0,temperature,v21_temp_capsule_account,B_to_relevant,0,direct_block_first,"The green capsule's temperature is tracked in account Sable. Account Sable records a current level of 39 degrees. The black capsule's temperature is tracked in account Hollow. Account Hollow records an earlier temperature of 54 degrees, after which the recorded temperature increased by 4 degrees.",What is the current temperature of the black capsule?,What is the current temperature of the green capsule?,add,54,4,58,39,green,black,Sable,Hollow,Answer with one Arabic numeral only.,,,,,,,,,,,,PENDING,
calv211_temperature_05_ans1_role0_order1,temperature,v21_temp_capsule_account,B_to_relevant,0,transformed_block_first,"The black capsule's temperature is tracked in account Hollow. Account Hollow records an earlier temperature of 54 degrees, after which the recorded temperature increased by 4 degrees. The green capsule's temperature is tracked in account Sable. Account Sable records a current level of 39 degrees.",What is the current temperature of the black capsule?,What is the current temperature of the green capsule?,add,54,4,58,39,green,black,Sable,Hollow,Answer with one Arabic numeral only.,,,,,,,,,,,,PENDING,
calv211_temperature_05_ans1_role1_order0,temperature,v21_temp_capsule_account,B_to_relevant,1,direct_block_first,"The black capsule's temperature is tracked in account Hollow. Account Hollow records a current level of 39 degrees. The green capsule's temperature is tracked in account Sable. Account Sable records an earlier temperature of 54 degrees, after which the recorded temperature increased by 4 degrees.",What is the current temperature of the green capsule?,What is the current temperature of the black capsule?,add,54,4,58,39,black,green,Hollow,Sable,Answer with one Arabic numeral only.,,,,,,,,,,,,PENDING,
calv211_temperature_05_ans1_role1_order1,temperature,v21_temp_capsule_account,B_to_relevant,1,transformed_block_first,"The green capsule's temperature is tracked in account Sable. Account Sable records an earlier temperature of 54 degrees, after which the recorded temperature increased by 4 degrees. The black capsule's temperature is tracked in account Hollow. Account Hollow records a current level of 39 degrees.",What is the current temperature of the green capsule?,What is the current temperature of the black capsule?,add,54,4,58,39,black,green,Hollow,Sable,Answer with one Arabic numeral only.,,,,,,,,,,,,PENDING,
calv211_temperature_06_ans0_role0_order0,temperature,v21_temp_probe_folder,A_to_relevant,0,direct_block_first,The green probe's temperature is referenced by folder Drift. Folder Drift contains a current measurement of 38 degrees. The black probe's temperature is referenced by folder Linden. Folder Linden contains an initial measurement of 25 degrees and notes a gain of 8 degrees.,What temperature does the black probe measure now?,What temperature does the green probe measure now?,add,25,8,33,38,green,black,Drift,Linden,Answer with one Arabic numeral only.,,,,,,,,,,,,PENDING,
calv211_temperature_06_ans0_role0_order1,temperature,v21_temp_probe_folder,A_to_relevant,0,transformed_block_first,The black probe's temperature is referenced by folder Linden. Folder Linden contains an initial measurement of 25 degrees and notes a gain of 8 degrees. The green probe's temperature is referenced by folder Drift. Folder Drift contains a current measurement of 38 degrees.,What temperature does the black probe measure now?,What temperature does the green probe measure now?,add,25,8,33,38,green,black,Drift,Linden,Answer with one Arabic numeral only.,,,,,,,,,,,,PENDING,
calv211_temperature_06_ans0_role1_order0,temperature,v21_temp_probe_folder,A_to_relevant,1,direct_block_first,The black probe's temperature is referenced by folder Linden. Folder Linden contains a current measurement of 38 degrees. The green probe's temperature is referenced by folder Drift. Folder Drift contains an initial measurement of 25 degrees and notes a gain of 8 degrees.,What temperature does the green probe measure now?,What temperature does the black probe measure now?,add,25,8,33,38,black,green,Linden,Drift,Answer with one Arabic numeral only.,,,,,,,,,,,,PENDING,
calv211_temperature_06_ans0_role1_order1,temperature,v21_temp_probe_folder,A_to_relevant,1,transformed_block_first,The green probe's temperature is referenced by folder Drift. Folder Drift contains an initial measurement of 25 degrees and notes a gain of 8 degrees. The black probe's temperature is referenced by folder Linden. Folder Linden contains a current measurement of 38 degrees.,What temperature does the green probe measure now?,What temperature does the black probe measure now?,add,25,8,33,38,black,green,Linden,Drift,Answer with one Arabic numeral only.,,,,,,,,,,,,PENDING,
calv211_temperature_06_ans1_role0_order0,temperature,v21_temp_probe_folder,B_to_relevant,0,direct_block_first,The green probe's temperature is referenced by folder Drift. Folder Drift contains a current measurement of 33 degrees. The black probe's temperature is referenced by folder Linden. Folder Linden contains an initial measurement of 30 degrees and notes a gain of 8 degrees.,What temperature does the black probe measure now?,What temperature does the green probe measure now?,add,30,8,38,33,green,black,Drift,Linden,Answer with one Arabic numeral only.,,,,,,,,,,,,PENDING,
calv211_temperature_06_ans1_role0_order1,temperature,v21_temp_probe_folder,B_to_relevant,0,transformed_block_first,The black probe's temperature is referenced by folder Linden. Folder Linden contains an initial measurement of 30 degrees and notes a gain of 8 degrees. The green probe's temperature is referenced by folder Drift. Folder Drift contains a current measurement of 33 degrees.,What temperature does the black probe measure now?,What temperature does the green probe measure now?,add,30,8,38,33,green,black,Drift,Linden,Answer with one Arabic numeral only.,,,,,,,,,,,,PENDING,
calv211_temperature_06_ans1_role1_order0,temperature,v21_temp_probe_folder,B_to_relevant,1,direct_block_first,The black probe's temperature is referenced by folder Linden. Folder Linden contains a current measurement of 33 degrees. The green probe's temperature is referenced by folder Drift. Folder Drift contains an initial measurement of 30 degrees and notes a gain of 8 degrees.,What temperature does the green probe measure now?,What temperature does the black probe measure now?,add,30,8,38,33,black,green,Linden,Drift,Answer with one Arabic numeral only.,,,,,,,,,,,,PENDING,
calv211_temperature_06_ans1_role1_order1,temperature,v21_temp_probe_folder,B_to_relevant,1,transformed_block_first,The green probe's temperature is referenced by folder Drift. Folder Drift contains an initial measurement of 30 degrees and notes a gain of 8 degrees. The black probe's temperature is referenced by folder Linden. Folder Linden contains a current measurement of 33 degrees.,What temperature does the green probe measure now?,What temperature does the black probe measure now?,add,30,8,38,33,black,green,Linden,Drift,Answer with one Arabic numeral only.,,,,,,,,,,,,PENDING,
calv211_temperature_07_ans0_role0_order0,temperature,v21_temp_vessel_catalog,A_to_relevant,0,direct_block_first,The catalog maps the green vessel's temperature to listing Indigo. Listing Indigo gives the current measurement as 49 degrees. The catalog maps the black vessel's temperature to listing Umber. Listing Umber gives a prior measurement of 27 degrees and says it rose by 4 degrees.,What is the current temperature of the black vessel?,What is the current temperature of the green vessel?,add,27,4,31,49,green,black,Indigo,Umber,Answer with one Arabic numeral only.,,,,,,,,,,,,PENDING,
calv211_temperature_07_ans0_role0_order1,temperature,v21_temp_vessel_catalog,A_to_relevant,0,transformed_block_first,The catalog maps the black vessel's temperature to listing Umber. Listing Umber gives a prior measurement of 27 degrees and says it rose by 4 degrees. The catalog maps the green vessel's temperature to listing Indigo. Listing Indigo gives the current measurement as 49 degrees.,What is the current temperature of the black vessel?,What is the current temperature of the green vessel?,add,27,4,31,49,green,black,Indigo,Umber,Answer with one Arabic numeral only.,,,,,,,,,,,,PENDING,
calv211_temperature_07_ans0_role1_order0,temperature,v21_temp_vessel_catalog,A_to_relevant,1,direct_block_first,The catalog maps the black vessel's temperature to listing Umber. Listing Umber gives the current measurement as 49 degrees. The catalog maps the green vessel's temperature to listing Indigo. Listing Indigo gives a prior measurement of 27 degrees and says it rose by 4 degrees.,What is the current temperature of the green vessel?,What is the current temperature of the black vessel?,add,27,4,31,49,black,green,Umber,Indigo,Answer with one Arabic numeral only.,,,,,,,,,,,,PENDING,
calv211_temperature_07_ans0_role1_order1,temperature,v21_temp_vessel_catalog,A_to_relevant,1,transformed_block_first,The catalog maps the green vessel's temperature to listing Indigo. Listing Indigo gives a prior measurement of 27 degrees and says it rose by 4 degrees. The catalog maps the black vessel's temperature to listing Umber. Listing Umber gives the current measurement as 49 degrees.,What is the current temperature of the green vessel?,What is the current temperature of the black vessel?,add,27,4,31,49,black,green,Umber,Indigo,Answer with one Arabic numeral only.,,,,,,,,,,,,PENDING,
calv211_temperature_07_ans1_role0_order0,temperature,v21_temp_vessel_catalog,B_to_relevant,0,direct_block_first,The catalog maps the green vessel's temperature to listing Indigo. Listing Indigo gives the current measurement as 31 degrees. The catalog maps the black vessel's temperature to listing Umber. Listing Umber gives a prior measurement of 45 degrees and says it rose by 4 degrees.,What is the current temperature of the black vessel?,What is the current temperature of the green vessel?,add,45,4,49,31,green,black,Indigo,Umber,Answer with one Arabic numeral only.,,,,,,,,,,,,PENDING,
calv211_temperature_07_ans1_role0_order1,temperature,v21_temp_vessel_catalog,B_to_relevant,0,transformed_block_first,The catalog maps the black vessel's temperature to listing Umber. Listing Umber gives a prior measurement of 45 degrees and says it rose by 4 degrees. The catalog maps the green vessel's temperature to listing Indigo. Listing Indigo gives the current measurement as 31 degrees.,What is the current temperature of the black vessel?,What is the current temperature of the green vessel?,add,45,4,49,31,green,black,Indigo,Umber,Answer with one Arabic numeral only.,,,,,,,,,,,,PENDING,
calv211_temperature_07_ans1_role1_order0,temperature,v21_temp_vessel_catalog,B_to_relevant,1,direct_block_first,The catalog maps the black vessel's temperature to listing Umber. Listing Umber gives the current measurement as 31 degrees. The catalog maps the green vessel's temperature to listing Indigo. Listing Indigo gives a prior measurement of 45 degrees and says it rose by 4 degrees.,What is the current temperature of the green vessel?,What is the current temperature of the black vessel?,add,45,4,49,31,black,green,Umber,Indigo,Answer with one Arabic numeral only.,,,,,,,,,,,,PENDING,
calv211_temperature_07_ans1_role1_order1,temperature,v21_temp_vessel_catalog,B_to_relevant,1,transformed_block_first,The catalog maps the green vessel's temperature to listing Indigo. Listing Indigo gives a prior measurement of 45 degrees and says it rose by 4 degrees. The catalog maps the black vessel's temperature to listing Umber. Listing Umber gives the current measurement as 31 degrees.,What is the current temperature of the green vessel?,What is the current temperature of the black vessel?,add,45,4,49,31,black,green,Umber,Indigo,Answer with one Arabic numeral only.,,,,,,,,,,,,PENDING,
